:020000040800F2
:1000000080F900209D010008B96C0008C14F00086C
:10001000596A000889090008997200080000000068
:10002000000000000000000000000000316E000829
:100030008D09000800000000BD6C0008916F0008E9
:10004000B7010008B7010008B7010008B7010008B0
:10005000B7010008B7010008B7010008B7010008A0
:10006000B7010008B7010008B7010008B701000890
:10007000B7010008B7010008B7010008B701000880
:10008000B7010008B7010008B7010008B701000870
:10009000B7010008B7010008B7010008B701000860
:1000A000B701000851700008B7010008B701000847
:1000B000B7010008B7010008B7010008B701000840
:1000C000B7010008B7010008B7010008B701000830
:1000D000B7010008B7010008B7010008B701000820
:1000E000B7010008B7010008B7010008B701000810
:1000F000B7010008B7010008B7010008B701000800
:10010000B7010008B7010008B7010008B7010008EF
:10011000B7010008B7010008B7010008B7010008DF
:10012000B7010008B7010008B7010008B7010008CF
:10013000B7010008B7010008B7010008B7010008BF
:10014000B7010008B7010008B7010008B7010008AF
:10015000B7010008B7010008B7010008B70100089F
:10016000B7010008B7010008B7010008B70100088F
:10017000B7010008B7010008B7010008000000003F
:10018000B7010008B7010008DFF80CD000F092FBBF
:10019000004800479978000880F900200648804709
:1001A00006480047FEE7FEE7FEE7FEE7FEE7FEE75C
:1001B000FEE7FEE7FEE7FEE73D7000088901000864
:1001C0002DE9F05F0546002092469B46884606468C
:1001D000814640241BE0284641464746224600F01F
:1001E0006BFA53465A46C01A914110D3114618462D
:1001F000224600F052FA2D1A67EB01084F462246BC
:100200000120002100F049FA17EB00094E41201EA1
:10021000A4F10104DFDC484631462A464346BDE8E6
:10022000F09F40EA01039B0703D009E008C9121FB1
:1002300008C0042AFAD203E011F8013B00F8013BA0
:10024000521EF9D27047421C10F8011B0029FBD145
:10025000801A70472DE9FE4F804681EA0300C00FE7
:100260000C46009021F0004123F00045B8EB02005D
:10027000A94105D24046214690461C460B460246FF
:1002800023F00040104347D0270DC7F30A00C3F303
:100290000A510290401A019040286BDAC3F3130010
:1002A00040F4801B0098924620B10023D2EB030A51
:1002B00063EB0B0B01985946C0F14002504600F029
:1002C000ECF906460D4650465946019A00F004FAEC
:1002D00010EB08006141002487EA115284EAE773B9
:1002E0001A4340D0009A62B3019A012A4FEA07529A
:1002F00015DC001B61EB02014FF0004202EA0752DD
:10030000CDE90042001C41F5801132462B4600F039
:100310003BFA03B0BDE8F08F40462146F9E7001BE9
:1003200061EB0201001C41F5801300185B412018AD
:10033000A2F5001747EB030140EAD570B6196D41ED
:1003400011E06D084FEA360645EAC0754FEA0752DC
:10035000001B61EB0201001C41F5801149084FEAC6
:1003600030000019514132462B4603B0BDE8F04F32
:1003700000F0FBB90098012240000023D0EB0202FC
:1003800063EBE073009821464FEAE074B8EB00009D
:1003900061EB0401E9E783F000435BE781F0004192
:1003A00058E72DE9FE4F81EA030404F0004421F0F0
:1003B000004100944FF0000B23F0004350EA010489
:1003C0005ED052EA03045BD0C3F30A54C1F30A556A
:1003D0002C44A4F2F3340194A0FB0254C1F31301A2
:1003E00041F48011C3F3130343F4801301FB02446F
:1003F00000FB034E840A970A44EA815447EA835774
:10040000A4FB076802958D0A05FB07854FEA932C2C
:1004100004FB0C542705029D4FEA065847EA16379D
:10042000B5EB08056EEB070C870E920E47EA8117B5
:1004300042EA8312A7FB0201B6EB0B0164EB000456
:100440002B0D43EA0C335E1844EB1C50DA46514640
:10045000E7FB0201C5F313044FEA0B3343EA1453DD
:100460004FEA0432019C43EA0603A4F10C0402940F
:10047000009CCDE900B400F087F903B0BDE8F08F2F
:1004800000200146F9E72DE9F04D81EA030404F06C
:10049000004B21F0004514464FF0000A23F00041C4
:1004A00050EA050220D054EA01021DD0C5F30A57D4
:1004B0000246C5F31303C1F31300C1F30A5640F417
:1004C000801543F48013A7EB0608101BD64608F2EC
:1004D000FD3873EB050002D308F1010801E0921822
:1004E0005B41B8F1000F03DA00200146BDE8F08D52
:1004F00000204FF48011064684460EE0171B73EB74
:10050000050705D3121B63EB050306434CEA010CF8
:1005100049084FEA300092185B4150EA0107EDD1DB
:1005200052EA030012D082EA040083EA050108437C
:1005300005D0101BAB4106D20122002306E00022A9
:100540004FF0004302E06FF0010253101AEB060077
:100550004CEB085110EB0A0041EB0B01BDE8F04DEC
:1005600000F003B90EB5C10F80EAE0700844CA0775
:10057000002140F233438DE80E000A460B4600F09E
:1005800003F903B000BD0EB540F2334102910021E2
:10059000CDE900110A460B4600F0F6F803B000BDA5
:1005A00070B5C1F30A5201F000450024C1F31301F4
:1005B00040F2FF3341F480119A4201DA002070BD0D
:1005C00040F233439A42A2F2334203DC524200F03B
:1005D00073F800E090402C43F1D0404270BDC1F36D
:1005E0000A5210B5C1F3130140F2FF3341F48011F8
:1005F0009A4201DA002010BD40F233439A42A2F23F
:10060000334203DC524200F057F810BD904010BD59
:1006100000F0004230F000400AD0C10D01F56071D9
:10062000C0F3160042EA0151C20840071143704767
:1006300000200146704701F0004330B421F0004132
:1006400050EA010206D00A0DA2F56072C1F313014F
:10065000002A02DC30BC00207047440F44EAC10489
:10066000C100E01830BC00EBC25000F047B830B514
:100670000B46014600202022012409E021FA02F560
:100680009D4205D303FA02F5491B04FA02F52844FA
:10069000151EA2F10102F1DC30BD202A04DB203A54
:1006A00000FA02F1002070479140C2F1200320FAC5
:1006B00003F3194390407047202A04DB203A21FAC3
:1006C00002F00021704721FA02F3D040C2F120026B
:1006D0009140084319467047202A06DBCB17203A81
:1006E00041FA02F043EAE07306E041FA02F3D04037
:1006F000C2F1200291400843194670470029A8BF63
:100700007047401C490008BF20F00100704710B43A
:10071000B0FA80FC00FA0CF050EA010404BF10BCEF
:10072000704749B1CCF1200421FA04F411FA0CF11C
:1007300018BF012121430843A3EB0C01CB1D4FEA55
:1007400000614FEA102042BF002010BC704700EB50
:10075000C35010440029A4BF10BC7047401C49007E
:1007600008BF20F0010010BC704710B5141E73F1D3
:10077000000408DA401C41F1000192185B411A4361
:1007800001D120F0010010BD2DE9F04D92469B46AD
:1007900011B1B1FA81F202E0B0FA80F22032904653
:1007A000FFF77BFF04460F4640EA0A0041EA0B01CF
:1007B00053465A46084313D0114653EA010019D054
:1007C000C8F140025046FFF777FF05460E465046F7
:1007D00059464246FFF761FF084305D0012004E077
:1007E00020463946BDE8F08D0020054346EAE07614
:1007F0002C4337430A986305E40AA0EB0800002263
:10080000FD0A44EA47540A3002D500200146E9E7D0
:10081000010510196941DDE9084500196941BDE884
:10082000F04DA2E7C1F30A52C1F3130140F2FF33C6
:1008300041F480119A4202DA00200146704740F2EA
:1008400033439A42A2F2334202DC5242FFF734BFF2
:10085000FFF723BF30B5041E71F1000404DB4FF035
:100860000044404264EB0101141E73F1000405DBF7
:100870001C464FF00043524263EB04038B4208BF17
:10088000824230BD30B5041E71F1000404DB4FF02C
:100890000044404264EB0101141E73F1000405DBC7
:1008A0001C464FF00043524263EB0403994208BFD9
:1008B000904230BD1CB5094800900948019005469A
:1008C000009C06E0E06840F0010394E807009847C8
:1008D0001034AC42F6D3FFF75BFC000008D70008E9
:1008E00028D700082DE9F04D00231A461B1A8A412B
:1008F00003DB00200146BDE8F08DC1F30A52C1F3CD
:10090000130141F480154FF0000BD10702D10018FC
:100910006D41521E0027044640F2FF11384601EB9C
:10092000620A3E468046024600204FF48011FFF7DF
:10093000C3FEC2197141BB1846EB0100B4EB030CB6
:1009400075EB000C04D3E41A65EB000517460E4660
:10095000241908F101006D4180463428E3DDF919BE
:1009600046EB0600091BA84103D24FF0FF321346A5
:1009700001E0002213461BEB070046EB0A51BDE8DD
:10098000F04DFFF7F2BE0000FEE7000070470000E8
:1009900072B600BFFEE70000F0B583B040F2F80485
:1009A00042F22000C2F20004C4F6204044F82C0FAA
:1009B00044F24540C2F22000202660600025102746
:1009C0000A201E214FF6FF7200232681CDE9004741
:1009D000029501F0CFFB44F25A5044F22021C2F2BA
:1009E0005200C5F65521C4E900100A2032214FF605
:1009F000FF721F232681CDE90047029501F0BAFB63
:100A000044F6547042F22001C2F25200C4F64D7115
:100A1000C4E900100A2046214FF6FF721F232681E9
:100A2000CDE90047029501F0A5FB45F2526042F284
:100A30002001C2F24F00C4F25351C4E900100A2051
:100A40005A214FF6FF721F232681CDE900470295F8
:100A500001F090FB4520208144F2533045F64711C8
:100A6000C5F24F00C4F65271C4E900100A206E218D
:100A70004FF6FF721F23CDE90047029501F07AFB84
:100A800044F2204044F22011C4F24130C4F2443117
:100A9000C4E900100A2082214FF6FF721F2326812D
:100AA000CDE90047029501F065FB03B0F0BD000001
:100AB0002DE9F04383B040F2F808C2F2000842F298
:100AC0002000C4F62040454645F82C0F44F245402E
:100AD000C2F220004FF020096860002610240A208E
:100AE0001E214FF6FF721F23A5F80890CDE9005490
:100AF000029601F03FFB4FF020370A2032214FF6DB
:100B0000FF721F23A5F80C90C5E90077AF60CDE90F
:100B10000054029601F02EFB0A2046214FF6FF7288
:100B20001F23A5F80C90C5E90077AF60CDE900540C
:100B3000029601F01FFB0A205A214FF6FF721F2375
:100B4000A5F80C90C5E90077AF60CDE90054029696
:100B500001F010FB0A206E214FF6FF721F232E7347
:100B6000C5E90077AF60CDE90054029601F002FBC1
:100B70000A2082214FF6FF721F23A5F80C90C5E9C9
:100B80000077AF60CDE90054029601F0F3FA40F22D
:100B9000B404C2F20004206855F8201C401A03284F
:100BA00015DB98F80000B0FA80F1002840F600400C
:100BB0004FEA51154FF00401C4F2020008BF0221B0
:100BC00002F014F8206888F80050C8F80C0003B050
:100BD000BDE8F083F0B583B040F2F80442F22000A3
:100BE000C2F20004C4F6204044F82C0F44F2454001
:100BF000C2F2200020266060002510270A201E2156
:100C00004FF6FF721F232681CDE90047029501F0C0
:100C1000B1FA44F25A5044F22021C2F25200C5F611
:100C20005521C4E900100A2032214FF6FF7200233B
:100C30002681CDE90047029501F09CFA44F65470F4
:100C400042F22001C2F25200C4F64D71C4E9001014
:100C50000A2046214FF6FF721F232681CDE9004767
:100C6000029501F087FA45F2526042F22001C2F289
:100C70004F00C4F25351C4E900100A205A214FF624
:100C8000FF721F232681CDE90047029501F072FA19
:100C90004520208144F2533045F64711C5F24F00FC
:100CA000C4F65271C4E900100A206E214FF6FF729B
:100CB0001F23CDE90047029501F05CFA44F2204081
:100CC00044F22011C4F24130C4F24431C4E90010AE
:100CD0000A2082214FF6FF721F232681CDE90047AB
:100CE000029501F047FA03B0F0BD00002DE9F04194
:100CF00084B040F2F80444F22020C2F20004C5F6A9
:100D0000552044F82C0F44F25A50C2F252004FF0D2
:100D100020086060002510270A201E214FF6FF7270
:100D20001F23A4F80880CDE90047029501F022FABC
:100D300054F8282C4CF61C21C0F60001204607F080
:100D4000F3F90A2032214FF6FF721F23CDE9004745
:100D5000029501F00FFA4FF020360A2046214FF697
:100D6000FF721F23A4F80C80C4E90066A660CDE9D9
:100D70000047029501F0FEF90A205A214FF6FF7252
:100D80001F23A4F80C80C4E90066A660CDE90047E3
:100D9000029501F0EFF90A206E214FF6FF721F2332
:100DA0002573C4E90066A660CDE90047029501F00D
:100DB000E1F90A2082214FF6FF721F23A4F80C806C
:100DC000C4E90066A660CDE90047029501F0D2F9BA
:100DD00054F8280C002812BF01210020002104B083
:100DE000BDE8F04107F0F6B8F0B583B040F2F80482
:100DF00042F22000C2F20004C4F6204044F82C0F56
:100E000044F24540C2F220002026606000251027F1
:100E10000A201E214FF6FF721F232681CDE90047CD
:100E2000029501F0A7F944F25A5044F22021C2F28F
:100E30005200C5F65521C4E900100A2032214FF6B0
:100E4000FF721F232681CDE90047029501F092F938
:100E500044F6547042F22001C2F25200C4F64D71C1
:100E6000C4E900100A2046214FF6FF7200232681B4
:100E7000CDE90047029501F07DF945F2526042F25A
:100E80002001C2F24F00C4F25351C4E900100A20FD
:100E90005A214FF6FF721F232681CDE900470295A4
:100EA00001F068F94520208144F2533045F647119E
:100EB000C5F24F00C4F65271C4E900100A206E2139
:100EC0004FF6FF721F23CDE90047029501F052F95A
:100ED00044F2204044F22011C4F24130C4F24431C3
:100EE000C4E900100A2082214FF6FF721F232681D9
:100EF000CDE90047029501F03DF903B0F0BD0000D7
:100F00002DE9F04184B040F2F80442F22000C2F230
:100F10000004C4F64D7044F82C0F44F65470C2F22D
:100F200052004FF020086060002510270A201E2183
:100F30004FF6FF721F23A4F80880CDE90047029501
:100F400001F018F954F8242C29A1204607F0ECF8F8
:100F50000A2032214FF6FF721F23CDE90047029588
:100F600001F008F94FF020360A2046214FF6FF72B3
:100F70001F23A4F80C80C4E90066A660CDE90047F1
:100F8000029501F0F7F80A205A214FF6FF721F234D
:100F9000A4F80C80C4E90066A660CDE9004702957C
:100FA00001F0E8F80A206E214FF6FF721F23257327
:100FB000C4E90066A660CDE90047029501F0DAF8C1
:100FC0000A2082214FF6FF721F23A4F80C80C4E987
:100FD0000066A660CDE90047029501F0CBF854F811
:100FE000240C014604B0BDE8F04105F023BF00BF6A
:100FF0002020202020202564202020202000000008
:10100000F0B583B040F2F80442F22000C2F20004CE
:10101000C4F6204044F82C0F44F24540C2F22000B0
:1010200020266060002510270A201E214FF6FF723F
:101030001F232681CDE90047029501F09BF844F279
:101040005A5044F22021C2F25200C5F65521C4E99B
:1010500000100A2032214FF6FF721F232681CDE9AE
:101060000047029501F086F844F6547042F22001E0
:10107000C2F25200C4F64D71C4E900100A204621A4
:101080004FF6FF721F232681CDE90047029501F03C
:1010900071F845F2526042F22001C2F24F00C4F2F0
:1010A0005351C4E900100A205A214FF6FF72002361
:1010B0002681CDE90047029501F05CF845202081AA
:1010C00044F2533045F64711C5F24F00C4F6527151
:1010D000C4E900100A206E214FF6FF721F23CDE9EC
:1010E0000047029501F046F844F2204044F22011F6
:1010F000C4F24130C4F24431C4E900100A20822114
:101100004FF6FF721F232681CDE90047029501F0BB
:1011100031F803B0F0BD00002DE9F04383B040F298
:10112000F80442F22000C2F20004C4F2535044F822
:101130002C0F45F25260C2F24F004FF02009606060
:10114000002510270A201E214FF6FF721F23A4F846
:101150000890CDE90047029501F00CF840F2240810
:10116000C2F20008D8F800204CF61C21C0F600019D
:10117000204606F0D9FF0A2032214FF6FF721F23C6
:10118000CDE90047029500F0F5FF4FF020360A2028
:1011900046214FF6FF721F23A4F80C90C4E90066A5
:1011A000A660CDE90047029500F0E4FF0A205A212D
:1011B0004FF6FF721F23A4F80C90C4E90066A660E6
:1011C000CDE90047029500F0D5FF0A206E214FF6C9
:1011D000FF721F232573C4E90066A660CDE90047AE
:1011E000029500F0C7FF0A2082214FF6FF721F23ED
:1011F000A4F80C90C4E90066A660CDE9004702950A
:1012000000F0B8FFD8F80000FFF7ACF99FED0E0B27
:1012100053EC102BFFF737F99FED0D0B53EC102B10
:10122000FFF7BFF89FED0C0B53EC102BFFF712F8F4
:10123000FFF7D5F940F24C31C2F20001096848636A
:1012400003B0BDE8F08300BF0000000000806640EE
:101250000000000000409F400000000000407F4070
:10126000F0B583B040F2F80442F22000C2F200046C
:10127000C4F6204044F82C0F44F24540C2F220004E
:1012800020266060002510270A201E214FF6FF72DD
:101290001F232681CDE90047029500F06BFF44F241
:1012A0005A5044F22021C2F25200C5F65521C4E939
:1012B00000100A2032214FF6FF721F232681CDE94C
:1012C0000047029500F056FF44F6547042F22001A8
:1012D000C2F25200C4F64D71C4E900100A20462142
:1012E0004FF6FF721F232681CDE90047029500F0DB
:1012F00041FF45F2526042F22001C2F24F00C4F2B7
:101300005351C4E900100A205A214FF6FF721F23DF
:101310002681CDE90047029500F02CFF4520208171
:1013200044F2533045F64711C5F24F00C4F65271EE
:10133000C4E900100A206E214FF6FF720023CDE9A8
:101340000047029500F016FF44F2204044F22011BD
:10135000C4F24130C4F24431C4E900100A208221B1
:101360004FF6FF721F232681CDE90047029500F05A
:1013700001FF03B0F0BD0000F0B581B01F2003F005
:10138000DDFF40F2F000C2F20000006840F2EC071E
:10139000C2F20007FFF73CF99FED230B54EC105B02
:1013A0002A462346FFF76FF89FED210B53EC102BD5
:1013B000FEF7F7FFFFF7F4F806463868FFF728F95D
:1013C0002A462346FFF75FF89FED1B0B53EC102BCB
:1013D000FEF7E7FFFFF7E4F8024640F2080306F1E4
:1013E0004000C2F2000302F1500116F13B0FC3E9C5
:1013F000000101DA052002E07C2801D37B2018607F
:1014000012F14B0F02DA052103E000BF9C2901D342
:101410009B215960012700220523009705F0B4FFA6
:1014200001B0F0BD00BF00BF0000000000805640CA
:101430000000000000804DC00000000000C05240CD
:10144000F0B583B040F2F80442F22000C2F200048A
:10145000C4F6204044F82C0F44F24540C2F220006C
:1014600020266060002510270A201E214FF6FF72FB
:101470001F232681CDE90047029500F07BFE44F250
:101480005A5044F22021C2F25200C5F65521C4E957
:1014900000100A2032214FF6FF721F232681CDE96A
:1014A0000047029500F066FE44F6547042F22001B7
:1014B000C2F25200C4F64D71C4E900100A20462160
:1014C0004FF6FF721F232681CDE90047029500F0F9
:1014D00051FE45F2526042F22001C2F24F00C4F2C6
:1014E0005351C4E900100A205A214FF6FF721F23FE
:1014F0002681CDE90047029500F03CFE4520208181
:1015000044F2533045F64711C5F24F00C4F652710C
:10151000C4E900100A206E214FF6FF721F23CDE9A7
:101520000047029500F026FE44F2204044F22011CC
:10153000C4F24130C4F24431C4E900100A208221CF
:101540004FF6FF7200232681CDE90047029500F097
:1015500011FE03B0F0BD00002DE9F04383B040F26E
:10156000F808C2F2000844F22010C4F244304446A5
:1015700044F82C0F44F22040C4F241304FF02009CF
:101580006060002610250A201E214FF6FF721F23DF
:10159000A4F80890CDE90045029600F0EBFD34F880
:1015A0002A0CFEF7F0FF9FED3A0B53EC102BFEF7E1
:1015B000F8FE9FED390B53EC102BFEF7F2FE0246BE
:1015C0000B4637A1204606F0AFFD0A2032214FF628
:1015D000FF721F23CDE90045029600F0CBFD4FF0CE
:1015E00020370A2046214FF6FF721F23A4F80C90E3
:1015F000C4E90077A760CDE90045029600F0BAFD86
:101600000A205A214FF6FF721F23A4F80C90C4E958
:101610000077A760CDE90045029600F0ABFD0A20F7
:101620006E214FF6FF721F232673C4E90077A7606F
:10163000CDE90045029600F09DFD0A2082214FF67B
:10164000FF721F23A4F80C90C4E90077A760CDE9CE
:101650000045029600F08EFD40F27C14C2F20004B8
:10166000204600F0BBFF20464FF0FF3100F036FF70
:1016700010B103B0BDE8F08340F27C10C2F200006C
:1016800000F046FEA8F8020003B0BDE8F08300BFFA
:10169000000000000000303F6666666666660A402D
:1016A000202020252E3266202020202020202000EF
:1016B0002DE9F04F83B014460A468346DDE90C104D
:1016C00001914CF6BB210028C0F60001CDF800B016
:1016D00000F0D080009E944601F10209002508E048
:1016E0006546AC46029D09F1220901353E2D00F008
:1016F00037814CF6BB27019B05EB0510C0F60007B0
:1017000017F810101A7802959142E9D107EB4000C2
:10171000407859788842E3D10BF10F020CF10F03A6
:101720001FFA8BF01FFA8CF192B29BB2654604F05F
:1017300063FA40F27412C2F200024FF0000A00BFD6
:1017400019F90A701480B7F1FF3F08DC1FFA8BF01B
:10175000A9B203F04DFE40F27412C2F200020BF186
:10176000010080B2811B10297AD05FFA87F85FEA06
:101770004861148006D5A9B203F03AFE40F2741213
:10178000C2F200020BF1020080B2811B102967D067
:101790005FEA8861148006D5A9B203F029FE40F201
:1017A0007412C2F200020BF1030080B2811B1029F7
:1017B00056D05FEAC861148006D5A9B203F018FEBE
:1017C00040F27412C2F200020BF1040080B2811BDD
:1017D000102945D05FEA0871148006D5A9B203F03C
:1017E00007FE40F27412C2F200020BF1050080B253
:1017F000811B102934D05FEA4871148006D5A9B244
:1018000003F0F6FD40F27412C2F200020BF1060082
:1018100080B2811B102923D05FEA8871148006D51D
:10182000A9B203F0E5FD40F27412C2F200020BF11E
:10183000070080B2811B102912D05FEAC8711480A2
:1018400006D0A9B203F0D4FD40F27412C2F2000235
:101850000BF1080B1FFA8BF0801B102802D100BF80
:101860000135B3460AF1010ABAF1200F7FF468AFDF
:1018700037E700BF0BF10F008E1C02F10F011F466E
:1018800093464FF0000A85B288B2029007E000BF8D
:101890000AF1010ABAF13E0F06F1220660D04CF6B9
:1018A000BB21019A0AEB0A10C0F6000111F81010D2
:1018B00012789142ECD14CF6BB21C0F6000101EB4D
:1018C00040000199407849788842E1D10098029B14
:1018D00059462A4604F090F94FF0FF3806EB08000D
:1018E00090F901903846B9F1000F48BF204604F046
:1018F000B7FC5FEA4960384648BF204604F0B0FCB8
:101900005FEA8960384648BF204604F0A9FC5FEAD8
:10191000C960384648BF204604F0A2FC5FEA09705F
:10192000384648BF204604F09BFC5FEA49703846C1
:1019300048BF204604F094FC5FEA8970384648BFEF
:10194000204604F08DFC5FEAC970204608BF384687
:1019500004F086FC08F10108B8F11F0FBED197E72B
:1019600040F28C50C2F200000188408801390138F1
:101970008AB283B20020002103B0BDE8F04F04F02A
:101980003BB900002DE9F04F85B014460A46804669
:10199000DDE90E104DF2F72B0028C0F6000B039185
:1019A000CDF8088000F0D080029E944600274A259A
:1019B0000BE000BF6546049FAC460137072F0BF1D3
:1019C0004A0B4FF04A0500F037814DF2F723039A96
:1019D00007FB05F0C0F60003185C117804978842F5
:1019E000E8D107FB0530517840788842E2D108F110
:1019F00017020CF117031FFA88F01FFA8CF192B24C
:101A00009BB2654604F0F8F840F27412C2F200028C
:101A10004FF0020A1BF90A701480B7F1FF3F08DC8F
:101A20001FFA88F0A9B203F0E3FC40F27412C2F28C
:101A3000000208F1010080B2811B18297AD05FFAF8
:101A400087F95FEA4961148006D5A9B203F0D0FC9A
:101A500040F27412C2F2000208F1020080B2811B4F
:101A6000182967D05FEA8961148006D5A9B203F00E
:101A7000BFFC40F27412C2F2000208F1030080B20F
:101A8000811B182956D05FEAC961148006D5A9B216
:101A900003F0AEFC40F27412C2F2000208F104003E
:101AA00080B2811B182945D05FEA0971148006D5E0
:101AB000A9B203F09DFC40F27412C2F2000208F1D8
:101AC000050080B2811B182934D05FEA4971148067
:101AD00006D5A9B203F08CFC40F27412C2F20002E7
:101AE00008F1060080B2811B182923D05FEA8971B2
:101AF000148006D5A9B203F07BFC40F27412C2F246
:101B0000000208F1070080B2811B182912D05FEA99
:101B1000C971148006D0A9B203F06AFC40F27412B5
:101B2000C2F2000208F108081FFA88F0801B18288A
:101B300002D100BF0135B0460AF1010ABAF14A0FDD
:101B40007FF468AF37E700BF08F1170002F1170113
:101B500080B21F460BF1020690464FF0000A4A255C
:101B6000049088B2019006E00AF1010ABAF1070F69
:101B700006F14A0660D04DF2F7210AFB05F0C0F6E7
:101B80000001085C039909788842EDD14DF2F720F5
:101B9000C0F600000AFB05000399407849788842A6
:101BA000E2D10298049A019B414604F025F84FF0D7
:101BB000FF3900BF06EB090090F901B03846BBF1D0
:101BC000000F48BF204604F04BFB5FEA4B603846ED
:101BD00048BF204604F044FB5FEA8B60384648BFAC
:101BE000204604F03DFB5FEACB60384648BF204604
:101BF00004F036FB5FEA0B70384648BF204604F01D
:101C00002FFB5FEA4B70384648BF204604F028FBA4
:101C10005FEA8B70384648BF204604F021FB5FEA3C
:101C2000CB70204608BF384604F01AFB09F10109C1
:101C3000B9F1470FBED197E740F28C50C2F20000D5
:101C400001884088013901388AB283B2002000211E
:101C500005B0BDE8F04F03F0CFBF00002DE9F04F15
:101C600083B01F4615460A46DDE90C31814600293E
:101C7000CDE9005300F0CE804DF2FD44C0F60004E3
:101C8000174604F1020B00254E460BE0029D019B16
:101C900001354DF2FD44042D0BF1820BC0F600041A
:101CA00000F0F88105EB851014F810101A780295F1
:101CB0009142EBD104EB4000407859788842E5D15D
:101CC00006F11F0207F11F03B0B2B9B292B29BB284
:101CD00003F092FF40F27412009DC2F200024FF036
:101CE000000800BF1BF908401580B4F1FF3F07DC76
:101CF000B0B2B9B203F07CFB40F27412C2F200023F
:101D0000701C80B2A0EB0901202979D05FFA84FA17
:101D10005FEA4A61158006D5B9B203F069FB40F26B
:101D20007412C2F20002B01C80B2A0EB090120299B
:101D300066D05FEA8A61158006D5B9B203F058FB18
:101D400040F27412C2F20002F01C80B2A0EB090152
:101D5000202955D05FEACA61158006D5B9B203F0D3
:101D600047FB40F27412C2F20002301D80B2A0EBB9
:101D70000901202944D05FEA0A71158006D5B9B25D
:101D800003F036FB40F27412C2F20002701D80B202
:101D9000A0EB0901202933D05FEA4A71158006D5EE
:101DA000B9B203F025FB40F27412C2F20002B01D7A
:101DB00080B2A0EB0901202922D05FEA8A71158048
:101DC00006D5B9B203F014FB40F27412C2F200025D
:101DD000F01D80B2A0EB0901202911D05FEACA7181
:101DE000158006D0B9B203F003FB40F27412C2F2C0
:101DF00000020836B0B2A0EB0900202802D100BFD3
:101E000001374E4608F10108B8F1800F7FF46AAF40
:101E10003CE700BF187809F11F01D728934602F16B
:101E20001F0A029150D101984078D6284CD10298CF
:101E30001FFA8AF382B24846594603F0DDFE4DF29E
:101E4000FD444FF0FF36C0F6000400BFA01990F922
:101E500003803846B8F1000F48BF284604F000FA66
:101E60005FEA4860384648BF284604F0F9F95FEA5F
:101E70008860384648BF284604F0F2F95FEAC86037
:101E8000384648BF284604F0EBF95FEA0870384648
:101E900048BF284604F0E4F95FEA4870384648BF76
:101EA000284604F0DDF95FEA8870384648BF2846C6
:101EB00004F0D6F95FEAC870284608BF384604F037
:101EC000CFF901367F2EC1D101980078CC2848D1B6
:101ED00001984078E52844D102981FFA8AF382B22B
:101EE0004846594603F088FE4DF2FD40C0F600001A
:101EF00000F183044FF0800814F9016F3846002E7A
:101F000048BF284604F0ACF97006384648BF28465A
:101F100004F0A6F9B006384648BF284604F0A0F9F8
:101F2000F006384648BF284604F09AF9300738468C
:101F300048BF284604F094F97007384648BF284641
:101F400004F08EF9B007384648BF284604F088F9F7
:101F5000F007284608BF384604F082F9B8F10108B6
:101F6000CAD101980078B22849D101984078E22876
:101F700045D102981FFA8AF382B24846594603F0C7
:101F80003BFE4DF2FD40C0F6000000F205144FF09C
:101F9000800800BF14F9016F3846002E48BF28465C
:101FA00004F05EF97006384648BF284604F058F938
:101FB000B006384648BF284604F052F9F0063846C5
:101FC00048BF284604F04CF93007384648BF284639
:101FD00004F046F97007384648BF284604F040F937
:101FE000B007384648BF284604F03AF9F0072846BB
:101FF00008BF384604F034F9B8F10108CAD1019994
:102000000878CA2846D14878D42843D102981FFAC4
:102010008AF382B24846594603F0EEFD4DF2FD4088
:10202000C0F60000009C00F28718802618F9015FB6
:102030003846002D48BF204604F012F9680638469D
:1020400048BF204604F00CF9A806384648BF204691
:1020500004F006F9E806384648BF204604F000F9C7
:102060002807384648BF204604F0FAF86807384683
:1020700048BF204604F0F4F8A807384648BF204679
:1020800004F0EEF8E807204608BF384604F0E8F808
:10209000013ECBD140F28C50C2F200000188408852
:1020A000013901388AB283B20020002103B0BDE8B3
:1020B000F04F03F0A1BD0000F0B585B040F600047C
:1020C0008C20C4F202048DF8130020460221002265
:1020D000002600F093FD40F2AC25C2F200050DF1A0
:1020E0001301284601224FF47A7301F00DFC03A975
:1020F000284607224FF47A7301F006FB204602219E
:10210000012200F07BFDBDF80D0040F2C807C2F2CD
:102110000007DDF80F10F8809220B9608DF81300E9
:1021200020460221002200F069FD0DF1130128462E
:1021300001224FF47A7301F0E7FB03A92846072236
:102140004FF47A7301F0E0FA20460221012200F0F8
:1021500055FDBDF80D00DDF80F103880C7F80210EE
:1021600000200021002200230096019602F02CFF9F
:1021700005B0F0BD2DE9F04383B00DF1280999E8D1
:1021800040031C46304615460F46FEF75CF840F209
:102190008C51C2F200014FF6F8720988C0F20702B2
:1021A00002EAC000081A00EBD070C0F34F003946B5
:1021B0002A462346CDE90068CDF8089004F06CFE6D
:1021C00003B0BDE8F083000070B581B0002200923A
:1021D00090F83C20012A03D10221084601B070BDCD
:1021E0000E6801220A2E80F83C2009D3B2B25200B8
:1021F000D0F800E012FA86F21E3A0EF10C0305E068
:10220000D0F800E006EB46020EF110034FF0070C89
:102210001D680CFA02F4A5431D608D681C6805FA60
:1022200002F222431A60496806290FD801EB8101A6
:102230004A1F71461F2351F8345F934025EA030378
:102240000B60B3B203FA02F214E000BF01EB8103AA
:102250000C29B2B204D8714651F8304F233B03E049
:10226000714651F82C4F413B1F259D4024EA05053E
:102270009A400D600B6842F2043CC4F2010C1A4310
:10228000ACF541739E450A603BD1122E06D1DCF8B5
:10229000001041F48001CCF8001032E026F001017A
:1022A00010292ED1DCF80010102E41F40001CCF8DA
:1022B000001026D140F22001C2F2000109684DF65B
:1022C0008362C4F21B32A1FB0212910C01EB81016B
:1022D000490000910099A1B100990139009100993C
:1022E00079B1009901390091009951B100990139F2
:1022F0000091009929B100990139009100990029B4
:10230000EAD1002180F83C10084601B070BD000001
:102310000068C06C70470000002804BF01207047AF
:1023200010B50446006C00283ED0206CC00645D491
:10233000206C41F202118843023042F204312064E1
:10234000C4F20101086820F4403008600A6894E88B
:1023500009101A43D4F810E00A604168012321F4FF
:10236000807141604168C0F6007341EA0E2141600E
:10237000416821F040714160416841EA0C014160CF
:10238000816821F400618160E168826811438160A5
:10239000A16A8268994222F070628260826813D1D9
:1023A00022F0405119E000BF204600F065F80020FF
:1023B000606484F83C00206CC006B9D5012000217F
:1023C00084F83C1010BD00BF11438160816821F08A
:1023D00040518160E16A826811438160816821F027
:1023E000020181608168227E94F8203041EA420136
:1023F0008160416883B141F40061416041684EF2FF
:10240000000221F460414160616ACFF6FF724368C7
:1024100002EB4131194301E021F400614160C16ADE
:1024200040F2000C21F47001C162E2696169CFF6EB
:10243000F07CC36A0CEB02521A43C262826822F437
:102440000072826094F83020836843EA42228260FE
:10245000826822F480628260826842EA812181601F
:1024600000206064216C012262F3010121640021DB
:1024700084F83C1010BD000080B586B042F2000127
:102480000068C4F20101002288420592049201D042
:1024900006B080BD43F630000092C4F202004369EA
:1024A00043F480734361436903F480730093009B9A
:1024B0000092036843F001030360006800F001002C
:1024C00000900098202001900320CDE9020201F540
:1024D000604001A900F0B4FA06B080BD70B50446B2
:1024E00000680D468268520544BF80685FEAC050AC
:1024F00038D400F089FB21680A68920749D406465F
:10250000681C3CD0DDB90868800721D508688007C1
:102510003FD4086880071BD50868800739D408684D
:10252000800715D50868800733D4086880070FD561
:1025300008688007E7D52CE00868800729D400F0F8
:1025400063FB801B2168A842F6D908688007F3D492
:10255000206C40F004002064002084F83C0003203C
:1025600070BD00BF206C40F020002064002084F883
:102570003C00012070BD00BF0868800709D40868CE
:10258000800706D4086880075CBF08685FEA80702F
:10259000F2D56FF012000860206C40F400702064E7
:1025A000886810F0405F01D0002070BD207E0028B8
:1025B000FAD1C86A10F4700F02D088684005F3D4CD
:1025C000206C20F480702064206CC004ECD4206C5B
:1025D00040F001002064002070BD000010B581B003
:1025E0000021009190F83C10012903D1022001B094
:1025F00010BD00BF0468012180F83C10214651F84D
:10260000083FDB0729D10B684DF6836243F00103D5
:102610000B6040F22003C2F200031B68C4F21B32BD
:10262000A3FB02239A0C02EB42020092009AA2B191
:10263000009A013A0092009A7AB1009A013A009207
:10264000009A52B1009A013A0092009A2AB1009A77
:10265000013A0092009A002AEAD10A68036CD20774
:102660000CD143F01001016400F1440101200A681B
:1026700010430860002001B010BD00BF40F201729D
:1026800023EA020202F5807202646268520504D5F0
:10269000026C012363F30D320264026C4FF0000EF2
:1026A0000023D20444BF426C22F0060342F2043CF1
:1026B000436480F83CE06FF02200C4F2010C20601B
:1026C000DCF80000C0060DD0ACF5417084422BD17F
:1026D0004FF60450CFF6FF705CF8000010F0405F3A
:1026E00022D125E042F20000C4F20100844217D05A
:1026F00042F20020C4F2010084420DD042F20010E8
:10270000C4F2010084420FD1DCF80000C00607D0FB
:10271000ACF58270844207D1DCF80000C00603D417
:10272000086810F0405F03D0002001B010BD00BF6A
:102730004FF080409BE70000002804BF0120704755
:10274000B0B5044690F8200010B9204600F06EF8AD
:102750002068016841F00101016000F055FA05466A
:1027600020684168C90705D100F04EFA401B0B28CC
:10277000F6D310E0016821F00201016000F044FA94
:10278000054600BF2068416889070DD500F03CFA76
:10279000401B0B28F6D3606A052140F400306062CC
:1027A000012084F82010B0BD217E0268012922F0AA
:1027B000800208BF80320260617E0268012922F037
:1027C000400208BF40320260A17E0268012922F067
:1027D000200208BF20320260E17E0268012922F057
:1027E000100218BF10320260217F0268012922F016
:1027F000080208BF08320260617F0268012922F0E6
:10280000040208BF04320260D4E901C2D4E90335EE
:1028100061691A432A431143ACF101021143C161BA
:1028200000200121606284F82010B0BD016846F2EA
:102830000040C4F20000814218BF704780B586B0E6
:10284000002143F630020191C4F20202136900F53F
:10285000CE3043F000731361136903F000730193EA
:10286000019B0191136843F001031360126802F0A9
:1028700001020192019A4FF4C05201920222CDE965
:102880000221032104910921059101A900F0D8F842
:1028900006B0BDE88040704700284FF0010318BF24
:1028A000002901D1184670474379012B4FF00203EC
:1028B000F8D010B50371036802F0100ED3F800C011
:1028C000D1E9001440F6FE7202FA0EF221432CEA1E
:1028D000020201FA0EF111431960C0211A6801FACF
:1028E0000EF122EA010119600121002301714371F7
:1028F000BDE8104018467047002804BF012070470B
:1029000010B50446007920B900206071204600F01F
:1029100007F802202071002001212061217110BDE3
:1029200080B586B047F200410068C4F20001002281
:1029300088420592049201D006B080BD43F6300073
:102940000092C4F20200036943F00053036103697B
:1029500003F000530093009B0092036843F00103CF
:102960000360006800F001000090009810200190C2
:102970000320CDE9020201F5C63001A900F060F89C
:1029800006B080BD81B04FF0000CCDF800C068B13A
:102990000068002900900098104414BF14300830DB
:1029A000009000980360002001B07047012001B042
:1029B00070470000002804BF012070474279012AB7
:1029C0004FF0020226D010B50271026801F0100E1D
:1029D0004FF0010C14680CFA0EF323431360D2F885
:1029E00000C049B13C230CF4701103FA0EF3994274
:1029F0000AD1022105E000BF0CF03C013C2903D1C3
:102A00000121536819435160012100220171427173
:102A1000BDE8104010467047B0B5044600F0F4F829
:102A2000054640F21000C2F200000078611C18BF99
:102A3000044400BF00F0E8F8401BA042FAD3B0BD48
:102A40002DE9F04F82B000F13E4707F1FF77860590
:102A500046EA972741F60046C4F20206082243F6EA
:102A6000004EB04208BF0722C4F2010E072F38BF44
:102A70003A46002600274FF00008009209E000BF08
:102A800008F101080237B8F1100F06F1040600F052
:102A9000A3800D68012202FA08F415EA0409EFD0B8
:102AA000D1F804B003220BF0030CACF10105BA40DD
:102AB000012D6FEA020A0FD88268CD6802EA0A0285
:102AC000BD402A4382604268A243CBF3001404FA5B
:102AD00008F42243426005E0BCF1030F02D14FF03D
:102AE000030C1EE0C2688C6802EA0A02BC40224362
:102AF000BCF1020FC26014D16FF0030202EA580267
:102B00000244D2F820C006F01C040F230D69A34034
:102B10002CEA0303A5402B431362D1F804B00BF059
:102B2000030C02680CFA07F302EA0A021A431BF4C8
:102B3000403F0260A4D0002243F644030192C4F255
:102B400002031A684FF6084C42F480421A601A6871
:102B5000CFF6FF7C02F480420192019A28F0030232
:102B6000724452F80C3006F00C050F24AC40A3431D
:102B7000009C04FA05F52B4342F80C30DEF80820DF
:102B80004B6842EA090543F60C4CDC0258BF22EAC6
:102B90000905CEF80850C4F2010CDCF800209C02B4
:102BA00042EA090558BF22EA0905CCF80050DEF8D0
:102BB00004209C0342EA090558BF22EA0905CEF821
:102BC0000450DEF80020DB0342EA090558BF22EA80
:102BD0000905CEF8005053E702B0BDE8F08F0000C1
:102BE0000069084018BF012070470000426902EAEE
:102BF0000103914341EA034181617047002A08BF04
:102C000009048161704700004FF27850C2F2000061
:102C100000687047002804BF01207047F0B581B0FC
:102C2000044690F83D0028B9002084F83C00204676
:102C300000F0A2F8242084F83D002068016821F00B
:102C400001010160016841F400410160016821F463
:102C50000041016000F050FA636848F2A16CC0F2D4
:102C6000010C40F60011C0F23D0163453CBF48F243
:102C70008041C0F21E01884202D2012001B0F0BDA5
:102C80004DF68361C4F21B31A0FB01122168970C41
:102C9000D1F804E04FF496762EF03F0545EA9245D0
:102CA0004D60774348F638160D6AC0F24106A7FB1F
:102CB000067625F03F07634538BF960C721C3A43F1
:102CC0000A62CA6948F2A0664CF6FF77C0F20106B4
:102CD000B34222EA07020BD801385B00B0FBF3F0E5
:102CE00001306FF31F30042898BF04201BE000BFA1
:102CF000A768013857B119277B43B0FBF3F00130C7
:102D00006FF31F3070B100F5804007E003EB430321
:102D1000B0FBF3F001306FF31F3018B100F5004045
:102D200001E000BF01201043C8610868D4E907230F
:102D300020F0C000104318430860886848F2FF3252
:102D400004F10C0790438CCF18431043A6698860A8
:102D5000C86820F0FF0038433043C860086840F07E
:102D60000100086000202021206484F83D102063C9
:102D700084F83E0001B0F0BD2DE9F04786B0006850
:102D800045F60047C4F20007B84203D006B0BDE8DC
:102D9000F08700BF002643F630050196C4F2020515
:102DA000286801AC40F00400286028684FF0120841
:102DB00000F0040001900198019628684FF0030983
:102DC00040F00100286028684FF0040A00F001007C
:102DD000019001984FF40070019007F5D63021461C
:102DE000CDE90286CDF81090CDF814A0FFF728FEAB
:102DF0004FF48070CDE9010803A880E8400607F58C
:102E0000D2302146FFF71CFE0096286940F40000EE
:102E10002861286900F400000090009806B0BDE821
:102E2000F087000040F210004FF27851C2F200002B
:102E3000C2F2000100780A68104408607047000080
:102E400080B543F60040C4F20200016841F400710D
:102E50000160016841F480610160016841F48071A2
:102E60000160032000F086F8002000F005F800F073
:102E700027F8002080BD000070B540F21006C2F2B5
:102E8000000640F220013278C2F200014FF47A735A
:102E90000968B3FBF2F20446B1FBF2F1084601F017
:102EA00025F80F2C4FF0010508D838B94FF0FF3046
:102EB00021460022002500F031F87460284670BDDC
:102EC00082B0002043F640010190C4F202014A683A
:102ED00042F480424A604A6802F480420192019AB8
:102EE0000090086840F080500860086800F080504A
:102EF0000090009802B07047002848BF704700F06B
:102F00001F01012202FA01F11C2202EAD0004EF256
:102F10000012CEF2000281507047000010B54EF64C
:102F20000C5CCEF2000CDCF80030C3F3022E8EF005
:102F30000704042C28BF0424BEF103034FF0FF3E16
:102F40000EFA04F438BF0023A14399400EFA03F3AC
:102F50009A43114300F00F0200F160430901043A63
:102F600003F564436244002848BF02F10C03197062
:102F700010BD00004EF60C51CEF200010A684FF66B
:102F8000FF031A4060F30A2242F0806040F0FD70B7
:102F900008607047002804BF012070472DE9F04108
:102FA00043F60808C4F202080446D8F8F8030D46B0
:102FB00000F00700884207D288F8F853D8F8F803E1
:102FC00000F00700A84277D12068810717D5410794
:102FD00005D5D8F8001041F4E051C8F800100107F9
:102FE00005D5D8F8001041F46041C8F80010D8F8B1
:102FF0000010A26821F0F0011143C8F80010C007CA
:1030000040D1D8F8F80300F00700A84207D988F8A3
:10301000F853D8F8F80300F00700A8424CD1206814
:10302000410707D5D8F80010E26821F4E0511143B8
:10303000C8F80010000708D5D8F80000216920F46E
:10304000604040EAC100C8F8000000F07DF8D8F800
:10305000001049F68072C1F30311C0F60002515C02
:1030600040F2200220FA01F140F21400C2F2000006
:103070000068C2F200021160FFF7FEFE0020BDE80A
:10308000F08100BF6068811E022907D258F8081C31
:1030900089015CBF0120BDE8F08111E0012807D162
:1030A00058F8081C89035CBF0120BDE8F08107E0E7
:1030B00058F8081C890703D40120BDE8F08100BF3F
:1030C000D8F8001021F003010843C8F80000FFF70A
:1030D0009BFD064641F28837D8F80000616800F091
:1030E0000C00B0EB810F8CD0FFF78EFD801BB84237
:1030F000F2D90320BDE8F08140F2200043F6080138
:10310000C2F20000C4F202010068096849F6907238
:10311000C1F38221C0F60002515CC8407047000034
:1031200040F2200043F60801C2F20000C4F202019E
:103130000068096849F69072C1F34231C0F6000296
:10314000515CC8407047000010B543F60404C4F257
:103150000204606800F00C0008280BD0042819BF96
:1031600042F20040C0F2F40047F64000C0F27D1089
:1031700010BD00BF206821682368490247F640015E
:10318000C0F27D1100F03F02C3F388105CBF42F231
:103190000041C0F2F401A1FB00010023FDF710F88B
:1031A00021680222C1F3014102EB4101B0FBF1F0C1
:1031B00010BD0000002804BF012070472DE9F04138
:1031C00082B00446007843F60006C007C4F2020647
:1031D0000CD0B06800F00C00042840F0818030680A
:1031E000800303D56068002800F06A81207880079A
:1031F0001BD5B06810F00C0F09D0B06800F00C00BF
:10320000082840F087807068400200F183803068B1
:10321000800703D5E068012840F0528130682169B9
:1032200020F0F80040EAC10030602078000713D495
:10323000207840072AD4A569002D00F03C81B068B1
:1032400000F00C00082840F0A180012D40F0108112
:10325000012002B0BDE8F0816069002840F2000062
:10326000C4F2472000F07E800121C0F8801EFFF7E5
:10327000CBFC0546706F8007DAD4FFF7C5FC401B16
:103280000228F7D9032002B0BDE8F081306C5FEA74
:10329000C0080AD400200190306C40F080503064A7
:1032A000306C00F080500190019847F20007C4F2A2
:1032B00000073868C00547D4386840F4807038602B
:1032C000FFF7A2FC054600BF3868C0053CD4FFF7F5
:1032D0009BFC401B0228F7D9032002B0BDE8F08117
:1032E000B06800F00C00082803D1706840023FF578
:1032F00076AF6068B0F5803F07D0B0F5A02F40F002
:103300009B80306840F480203060306840F480302A
:1033100030609BE0E06800285CD00020C4F24720C9
:1033200001210160FFF770FC054600BF306880078F
:103330003FF574AFFFF768FC401B0228F6D9032065
:1033400002B0BDE8F08100BFA068012805D00528C3
:1033500054D1306F40F004003067306F40F001000E
:10336000306755E00021C0F8801EFFF74DFC054690
:10337000706F80077FF55CAFFFF746FC401B0228AB
:10338000F6D9032002B0BDE8F08100BF0027C4F2E7
:10339000472700203866FFF737FC022D05460DD180
:1033A0003068800140F19080FFF72EFC401B02281E
:1033B0004FF00300F4D902B0BDE8F081306880011D
:1033C00079D5FFF721FC401B02284FF00300F5D907
:1033D000F1E700BF0020C4F2472000210160FFF7A1
:1033E00013FC0546306880077FF51FAFFFF70CFC24
:1033F000401B02284FF00300F4D9DCE7316F0028AE
:1034000021F001013167316F21F0040131677DD076
:10341000FFF7FAFB054641F2883700BF306F80079F
:1034200000F18680FFF7F0FB401BB842F6D903207D
:1034300002B0BDE8F08100BF3168002821F480317E
:103440003160316821F4802131607BD0FFF7DCFBF3
:10345000054600BF306880033FF5C8AEFFF7D4FBD8
:10346000401B6428F6D9032002B0BDE8F08100BFFC
:103470007068E16900F480028A4221D1216A00F07B
:103480003F028A421CD147F6C071626A0140B1EB2B
:10349000821F15D1A16A4FF6FF73C903994300F447
:1034A0004032A1F580318A420AD1E16A00F07060B1
:1034B000B0EB016F04D1002002B0BDE8F08100BF85
:1034C000012002B0BDE8F08104F11C052FCD0843B6
:1034D00040EA8210D9034FF6FF729143A1F5803183
:1034E00040EA05600843706001203866FFF78CFBF6
:1034F000044600BF30688001DDD4FFF785FB001B68
:1035000002284FF00300F5D955E700BFFFF77CFB19
:10351000054641F2883700BF306F800708D5FFF7B6
:1035200073FB401BB8424FF00300F5D943E700BFDF
:10353000B8F1000F3FF57FAE306C20F08050306462
:1035400079E600BFFFF760FB054600BF30688003E7
:103550007FF54CAEFFF758FB401B64284FF003008B
:10356000F4D928E770B538B10446406A30B100207C
:10357000206104F1140007E0012070BD6068B0F51F
:10358000827F03D004F11C00002101600026A662A6
:1035900094F8510020B9204684F8506000F03CF8BF
:1035A000022084F8510094E80F0001F4827105684C
:1035B00002F4044225F040050560114403F4006262
:1035C0002369114403F002026369114403F001020C
:1035D000A369E569114403F40072114405F038024F
:1035E000256A114405F08002A56A114305F40052D2
:1035F00011430160626A042101EA134102F01002E2
:1036000011444160C16921F40061C1610120666516
:1036100084F85100304670BDF0B587B0006843F6BD
:10362000000140F20044C4F20001C4F2020400258B
:103630008842CDE90555CDE90355029526D043F2E0
:103640000001C4F2010188425CD1002043F6300140
:103650000190C4F202014A6942F480524A614A6907
:1036600002F480520192019A01900A6842F002022B
:103670000A60096801F00201019101992821029173
:103680000221CDE903100320059035E043F6300018
:103690000195C4F202000169022641F480410161F2
:1036A0000169032701F480410191019901950168A5
:1036B00041F004010160016801F0040101910199E8
:1036C0000195016841F002010160006802A900F063
:1036D0000200019001980C2002900520069004F54C
:1036E0008060CDE903650597FFF7AAF94FF4005014
:1036F000CDE90206CDE904570520069002A920462F
:10370000FFF79EF907B0F0BD2DE9F04182B0044605
:1037100090F85100012819D160681D4617460E46E1
:10372000B0F5827F01D1A068A0B1FFF76DFA8046A5
:10373000002E4FF0010018BF002F03D102B0BDE8EA
:10374000F08100BF94F85000012811D1022002B08E
:10375000BDE8F081042084F851002046314632460D
:103760003B46009500F00EFA02B0BDE8F08100BFC4
:10377000012084F850000420002184F85100616584
:10378000A663A787E7872163A186E186A2682068F0
:10379000B2F5004F2164616438D00168490640D514
:1037A000E168E08F002944D000287BD0681C0CD150
:1037B0001BE000BFC068A16B21F8020BA163E08F82
:1037C0000138E087E08F00286CD020688168C90745
:1037D000F0D1FFF719FAA0EB0800A842F2D342E0BB
:1037E000FFF712FAE08F00285CD020688168C907D3
:1037F000F6D0C068A16B21F8020BA163E08F0138FD
:10380000E087E08F0028F0D14CE000BF016821F094
:1038100040010160016821F48041016001684906AE
:10382000BED4016841F040010160E168E08F0029E9
:10383000BAD1B8B3681C0CD124E000BF007BA16BE7
:103840000870A06B0130A063E08F0138E087E08F43
:1038500040B320688168C907F0D1FFF7D5F9A0EB24
:103860000800A842F3D3012084F85100002084F816
:103870005000032002B0BDE8F08100BFFFF7C4F99B
:10388000E08F78B120688168C907F7D0007BA16B11
:103890000870A06B0130A063E08F0138E087E08FF3
:1038A0000028EFD16068B0F5827F0ED1A068B0F536
:1038B000004F02D0B0F5806F0AD12168B0F5806F5B
:1038C0000A6822F040020A6002D12046012101E08C
:1038D0002046802100222B46CDF8008003F0FAF923
:1038E00028B1606D40F020006065202060650120F7
:1038F00084F85100002084F85000606D002818BF43
:10390000012002B0BDE8F0812DE9F04184B01D46F0
:1039100016460F460446FFF777F994F8511001292F
:103920000ED18046002F4FF0010018BF002E03D1AA
:1039300004B0BDE8F08100BF94F85000012803D125
:10394000022004B0BDE8F081012084F8500003207B
:10395000002184F8510061652763A686E686A1638D
:10396000A187E187A0682164B0F5004F20686164F9
:1039700007D1016821F040010160016841F48041F4
:1039800001600168490603D4016841F0400101600B
:103990006168731EE268B1FA81F1B3FA83F34909F1
:1039A0005B09B2F5006F41EA030139D131B137F853
:1039B000021BC1602763E08E0138E086E08E00289C
:1039C00070D0681C0BD11AE0216B31F8022BC26059
:1039D0002163E08E0138E086E08E002862D0206806
:1039E00081688907F0D4FFF70FF9A0EB0800A8421F
:1039F000F2D338E0FFF708F9E08E002852D02068B3
:103A000081688907F6D5216B31F8022BC2602163EA
:103A1000E08E0138E086E08E0028F0D142E000BF61
:103A200039B139780173206B01302063E08E0138A1
:103A3000E086E08EB0B3681C0BD123E0216B0978DF
:103A40000173206B01302063E08E0138E086E08E48
:103A500040B3206881688907F0D4FFF7D5F8A0EB60
:103A60000800A842F3D3012084F85100002084F814
:103A70005000032004B0BDE8F08100BFFFF7C4F898
:103A8000E08E78B1206881688907F7D5216B0978C5
:103A90000173206B01302063E08E0138E086E08EF8
:103AA0000028EFD12046022101222B46CDF80080CC
:103AB00003F010F9E0B1606D40F020006065202057
:103AC0006065A06838B9002002902068C168029142
:103AD000806802900298012084F85100002084F848
:103AE0005000606D002818BF012004B0BDE8F081CF
:103AF00040F22000C2F20000006849F68171C1F274
:103B00005E61A0FB0101480D4FF47A7148430390B8
:103B10006068B0F5827F0BD12046802100222B46C1
:103B2000CDF8008003F0D6F80028C4D1C9E700BF63
:103B300003980028C5D00398013803902068806856
:103B40000006BED503980028BBD003980138039027
:103B5000206880680006B4D503980028B1D0039887
:103B600001380390206880680006AAD503980028D1
:103B7000A7D0039801380390206880680006D7D446
:103B80009FE700002DE9F04383B01E4615460F461F
:103B90000446FFF739F894F851108146012909D1FC
:103BA000002F4FF0010018BF002D0FD103B0BDE86A
:103BB000F08300BF6068B0F5827F0DD104294FF01B
:103BC0000200F3D1A1680029EAD0EFE7002EEDD082
:103BD00094F85000012803D1022003B0BDE8F0831F
:103BE000012084F8500094F85100002104281CBFE3
:103BF000052084F851006165A563E687A6872763E1
:103C0000E6862068A686216461640168490603D4BB
:103C1000016841F0400101606168731EE268B1FA19
:103C200081F1B3FA83F3DDF8288049095B09B2F525
:103C3000006F41EA030165D131B137F8021BC16061
:103C40002763E08E0138E086012518F1010032D1AA
:103C500002E000BFFEF7D8FFE08E18B9E08F002821
:103C600000F0B8802068816889070CD5E18E51B1D9
:103C7000012D08D1216B002531F8022BC260216390
:103C8000E18E0139E1868168C907E3D0E18F00291F
:103C9000E0D0C068A16B012521F8020BA163E08F81
:103CA0000138E087D6E700BFFEF7AEFFA0EB0900C2
:103CB000404580F0A580E08E18B9E08F002800F024
:103CC00089802068816889070CD5E18E51B1012D6A
:103CD00008D1216B002531F8022BC2602163E18EEF
:103CE0000139E1868168C907DED0E18F0029DBD088
:103CF000C068A16B012521F8020BA163E08F013898
:103D0000E087D1E739B139780173206B0130206346
:103D1000E08E0138E086012518F1010032D101E082
:103D2000FEF772FFE08E10B9E08F002852D02068B5
:103D3000816889070ED5E18E61B1012D0AD1216B11
:103D4000002509780173216B206801312163E18E20
:103D50000139E1868168C907E2D0E18F0029DFD00F
:103D6000C068A16B01250870A06B0130A063E08FD3
:103D70000138E087D4E700BFFEF746FFA0EB09005B
:103D800040453DD2E08E08B9E08F18B320688168C5
:103D900089070ED5E18E61B1012D0AD1216B002575
:103DA00009780173216B206801312163E18E0139AB
:103DB000E1868168C907DFD0E18F0029DCD0C068C7
:103DC000A16B01250870A06B0130A063E08F013862
:103DD000E087D1E72046022101224346CDF800903A
:103DE00002F078FFB0B1606D40F0200060652020E7
:103DF0006065002084F85000012003B0BDE8F08326
:103E0000012084F85100002084F85000032003B002
:103E1000BDE8F08340F22000C2F20000006849F6DD
:103E20008171C1F25E61A0FB0101480D4FF47A710E
:103E3000484302906068B0F5827F21D120468021FE
:103E400000224346CDF8009002F044FF0028CAD17A
:103E5000A06838B9002001902068C168019180688D
:103E600001900198012084F85100002084F850004E
:103E7000606D002818BF012003B0BDE8F08300BFCB
:103E800002980028E4D002980138029020688068E7
:103E90000006DDD502980028DAD002980138029099
:103EA000206880680006D3D502980028D0D00298F8
:103EB00001380290206880680006C9D50298002861
:103EC000C6D0029801380290206880680006D7D4D6
:103ED000BEE700004EF21001CEF200010A6804288D
:103EE00022F0040208BF04320A607047411E00201D
:103EF000B0EB116F1CBF012070474EF21002CEF2E2
:103F0000000251604EF62351CEF20001F0230B70F7
:103F100007219060116070477047000070470000F3
:103F200090F83C20012A4FF0020254D010B580F8DE
:103F30003D200268D2F804E0D2F808C00C682EF0E8
:103F40007003234341F2FF74C4F20004A2425360A1
:103F50000EDC40F2FF73C4F200039A4216DCB2F1A9
:103F6000804F2BD040F20043C4F2000324E000BF96
:103F700040F2FF33C4F201039A4213DC41F600031E
:103F8000C4F200039A4219D0002313E040F6000364
:103F9000C4F200039A4211D040F60043C4F2000379
:103FA0000AE000BF44F20003C4F201039A4205D0C4
:103FB00040F20043C4F201039A4204D149682CF054
:103FC0008003194391600121002280F83D1080F8A0
:103FD0003C20BDE81040104670470000002804BF98
:103FE0000120704710B5044690F83D0028B9002024
:103FF00084F83C00204600F01FF8022084F83D00C1
:104000002068211D03F02AF8012084F8460084F876
:104010003E0084F83F0084F8400084F8410084F8B2
:10402000420084F8430084F8440084F8450084F892
:104030003D00002010BD000080B584B0006841F64E
:104040000001C4F20001884224D044F20001C4F20D
:104050000101884232D00021C4F2010188422BD1F3
:104060000020039043F64400C4F2020001680022DD
:1040700041F0010101600068012100F0010003909E
:1040800003981920FEF74AFF192004B0BDE88040CC
:10409000FEF732BF0020019043F64400C4F2020054
:1040A00050F8041C41F0400140F8041C50F8040C86
:1040B00000F040000190019804B080BD0020029003
:1040C00043F64400C4F20200016841F4803101600B
:1040D000006800F480300290029804B080BD0000B7
:1040E00090F83D1001291CBF01207047022180F883
:1040F0003D10006841F2FF72C168C4F200029042B4
:1041000041F00101C1600DDC40F2FF71C4F2000119
:10411000884215DCB0F1804F2AD040F20041C4F251
:10412000000123E040F2FF31C4F20101884213DCB8
:1041300041F60001C4F20001884219D0002113E0C9
:1041400040F60001C4F20001884211D040F600415F
:10415000C4F200010AE000BF44F20001C4F2010110
:10416000884205D040F20041C4F20101884206D1E4
:10417000816801F00701062904BF0020704701682B
:1041800041F00101016000207047000090F83C20E0
:10419000012A4FF0020200F0C58080B580F83D2072
:1041A000D0F800C04FF67772DCF8083023EA02023C
:1041B000CCF808200B684F2B28DC1F2B44DD202B6C
:1041C00045D0302B43D0402B40F0AE80D1F804E0F6
:1041D000C968DCF82030DCF8202022F00102CCF89D
:1041E0002020DCF8182022F0F00242EA011123F02E
:1041F0000A0242EA0E02CCF81810CCF82020DCF8B3
:10420000081041F0470121F0300180E06F2B27DDDD
:10421000B3F5005F48D0B3F5805F7AD0702B40F0E3
:104220008380D1E901E3C968DCF8082043EA0E0382
:1042300022F47F4243EA01211143CCF80810DCF854
:10424000081041F0770162E00BB1102B6CD1DCF863
:10425000081021F07001194341F0070157E000BF39
:10426000502B35D0602B5FD1D1F804E0C968DCF861
:104270002030DCF8202022F01002CCF82020DCF8DE
:10428000182022F4704242EA013123F0A00242EAEF
:104290000E12CCF81810CCF82020DCF8081041F0F1
:1042A000670121F0100132E0D1E901E3C968DCF8CF
:1042B000082043EA0E0322F47F4243EA012111431E
:1042C000CCF80810DCF8081041F480411FE000BF72
:1042D000D1F804E0C968DCF82030DCF8202022F0B6
:1042E0000102CCF82020DCF8182022F0F00242EA8B
:1042F000011123F00A0242EA0E02CCF81810CCF8A1
:104300002020DCF8081041F0570121F02001CCF802
:1043100008100022012180F83D10002180F83C1097
:10432000BDE88040104670470122F3E7002804BF33
:10433000012070472DE9F047044690F83D000D46F6
:1043400028B9002084F83C00204600F049F80220FB
:1043500084F83D00206844F207028168914381603F
:10436000211D02F07BFE20684FF6FF78816882698C
:10437000D0F820C0D5E9003ED5E9026A43EA010938
:10438000AB6922EA080246EA03234FF6FC46B34330
:10439000D5E9076742EA0A0229691A4342EA062276
:1043A00042EA01112CF0AA026B6942EA0E0241EACC
:1043B000073142EA0312C0F80890816102620120CD
:1043C00084F8460084F83E0084F83F0084F84200F8
:1043D00084F8430084F83D000020BDE8F087000029
:1043E00080B586B0006840F60002C4F200020021E9
:1043F0009042CDE90411CDE90211019122D0B0F132
:10440000804F49D1002043F630010090C4F20201F0
:104410000A6942F001020A610A6902F0010200928F
:10442000009A00900868032240F0010008600868C4
:10443000012100F00100009000980020C4F2020069
:1044400020E000BF43F630000091C4F20200026990
:1044500042F004020261026902F004020092009A32
:10446000009101684FF4405241F00801016000687A
:10447000022100F00800009000980020C4F2020021
:1044800000F540600192022202920022059101A9EA
:10449000CDE90322FEF7D4FA06B080BD80B590F8CE
:1044A0003E2090F83F3090F842E090F843C0042955
:1044B0000AD0B9B9012A4FF0010208BFBEF1010FBD
:1044C00034D0104680BD00BF012B4FF0010208BF61
:1044D000BCF1010FF5D1022180F83F1080F84310A4
:1044E00000681EE0012A4FF0010208BF012BE8D14D
:1044F000BEF1010FE5D1BCF1010FE2D1022280F83B
:104500003E2080F83F2080F8422080F8432091B17F
:104510000068016A21F001010162016A41F00101B4
:10452000016210216FF0100209E000BF022180F843
:104530003E1080F84210006801216FF00102036A0A
:104540001A400262026A114301620168002241F0CE
:1045500001010160104680BD7047000070B504463F
:104560000068C5680669B10716D515F0020113D0B9
:104570006FF002010161012121778069800703D07A
:104580002046FFF7E9FF05E0204600F08FF82046BF
:1045900000F0D0F900202077700719D515F004003D
:1045A00016D020686FF00401016102212177806933
:1045B00010F4407F04D02046FFF7CEFF06E000BF96
:1045C000204600F073F8204600F0B4F90020207770
:1045D000300717D515F0080014D020686FF00801D7
:1045E000016104212177C069800703D02046FFF7CD
:1045F000B3FF05E0204600F059F8204600F09AF994
:1046000000202077F00619D515F0100016D020688C
:104610006FF01001016108212177C06910F4407F1B
:1046200004D02046FFF798FF06E000BF204600F0C8
:104630003DF8204600F07EF900202077F00718BFF3
:1046400015F0010002D1300609D412E020686FF0A5
:1046500001010161204600F0A9FA300609D515F0E4
:10466000800006D020686FF0800101612046FFF7CE
:1046700053FC700609D515F0400006D020686FF095
:1046800040010161204600F0F5FAB00658BF70BD48
:1046900015F0200008D021686FF0200220460A6142
:1046A000BDE87040FFF73ABC70BD000070470000E5
:1046B00090F83C30012B04BF022070474FEAB20251
:1046C000032A00F201812DE9F043DFE802F0033F05
:1046D0007FBF00BF036840F200461C6A1A6A24F0DC
:1046E000020422F001021A621A46D3F804C052F8FA
:1046F00018EF8F6843F48065C4F20106B54244EABE
:10470000070405D1CF6824F00C0427F004073C43CC
:104710000F68B54206D1D1E905582CF440762E43F6
:1047200046EA080C2EF073063743C3F804C09F61B5
:104730004F6809695F631C629F6947F008079F61C2
:104740009F6927F004079F61B2E000BF036840F251
:1047500000481C6A1A6A24F0200422F010021A622F
:104760001A46D3F804C052F818EF8F6843F48065F6
:10477000C4F20108454544EA071407D1CF686FF039
:10478000400624F0C00406EA07163443D1F800902E
:10479000454506D1D1E905562CF440672E4347EA3A
:1047A000860C2EF4E64747EA0927C3F804C09F6148
:1047B0004F6809699F631C629F6947F400679F61A6
:1047C0009F6927F480679F6171E000BF036840F232
:1047D00000481C6A1A6A24F4007422F480721A6277
:1047E0001A46D3F804C052F81CEF8F6843F4806572
:1047F000C4F20108454544EA072408D1CF6840F2D5
:10480000FF463F0224F4406427EA06063443D1F809
:104810000090454506D1D1E905562CF440572E436A
:1048200047EA061C2EF0730747EA0907C3F804C0DD
:10483000DF614F680969DF631C62DF6947F00807C1
:10484000DF61DF6927F00407DF6131E0036840F2D0
:104850000045D3F820C01A6A43F4806722F48052DE
:104860001A621A465C6852F81CEFD1F800808E6814
:10487000C4F20105AF4204D14D6924F4804444EAF6
:1048800085142CF4005747EA06372EF4E64646EA2C
:1048900008265C60DE614E6809691E641F62DF697C
:1048A00047F40067DF61DF6927F48067DF61090291
:1048B0001368194311600021BDE8F043002280F81D
:1048C0003C200846704700BF0121002280F83C20B0
:1048D00008467047002804BF0120704710B5044601
:1048E00090F83D0028B9002084F83C00204600F0F4
:1048F0001FF8022084F83D002068211D02F0AEFB65
:10490000012084F8460084F83E0084F83F0084F8D3
:10491000400084F8410084F8420084F8430084F8A1
:10492000440084F8450084F83D00002010BD0000DC
:10493000704700007047000041B1082910D00429D9
:1049400014BF00F1410200F13F020BE090F83E205D
:10495000012A1CBF01207047022280F83E2013E08C
:1049600000F140021278012A1CBF01207047022288
:10497000082907D0042914BF80F8412080F83F207F
:1049800002E000BF80F84020006801F01F01012212
:10499000036A02FA01F123EA01020262026A114388
:1049A00041F2FF72C4F200029042016210DC40F258
:1049B000FF71C4F2000188421CDCB0F1804F3FD08F
:1049C00040F20041C4F20001884239D03DE000BF0E
:1049D00040F2FF31C4F20101884219DC41F60001C6
:1049E000C4F2000188422BD00021C4F201018842A8
:1049F0001AD02AE040F60001C4F2000188421FD01C
:104A000040F60041C4F20001884219D01DE000BF09
:104A100044F20001C4F20101884211D040F2004189
:104A2000C4F20101884210D1416C40F2004340F4CD
:104A30008062C4F2010341F400419A42416404D10E
:104A4000816801F00701062903D0016841F00101E6
:104A5000016000207047000041B1082916D00429E8
:104A600014BF00F1410200F13F0211E090F83E2036
:104A7000012A1CBF01207047022280F83E204FEA25
:104A8000B103032B4FF0010216D81FE000F14002E2
:104A90001278012A1CBF01207047022208290DD07C
:104AA000042914BF80F8412080F83F204FEAB10369
:104AB000032B4FF0010209D91046704780F84020BF
:104AC0004FEAB103032B4FF00102F5D84AF6FC1C64
:104AD0000068C0F6000C5CF823C0C36801F01F0139
:104AE00043EA0C03C360036A02FA01F123EA0102FC
:104AF0000262026A114341F2FF72C4F20002904264
:104B000001620FDC40F2FF71C4F2000188421BDC3D
:104B1000B0F1804F3ED040F20041C4F20001884223
:104B200038D03CE040F2FF31C4F20101884219DC88
:104B300041F60001C4F2000188422BD00021C4F2EA
:104B4000010188421AD02AE040F60001C4F20001B7
:104B500088421FD040F60041C4F20001884219D0BB
:104B60001DE000BF44F20001C4F20101884211D0EF
:104B700040F20041C4F20101884210D1416C40F280
:104B8000004340F48062C4F2010341F400419A42C0
:104B9000416404D1816801F00701062903D001684E
:104BA00041F00101016000221046704700680021B9
:104BB000C4F20101884218BF704710B540F294302A
:104BC000C2F20000006847F23153426A416A40F283
:104BD000A4049A42C2F2000404D34FF6FF70081AEC
:104BE00005E000BF47F22F52914201D8406AE061D0
:104BF0002420C4F200000021016040F2DC31C2F246
:104C00000001096847F230534A6A9A4202D94FF6C6
:104C1000FF7205E04A6A47F22F539A4203D80022F6
:104C2000496A511A21620021C0F80018D4E907210D
:104C30000EA0C4E9051203F067FAD4E90312206854
:104C40000132226140F21802012904BF01302060C4
:104C5000C2F20002616812685143884203DB0020FF
:104C600020600120A060BDE81040704725642C251D
:104C7000640A000070470000002804BF012070474C
:104C800010B5044690F8410028B9002084F840008F
:104C9000204600F021F8242084F841002068C168F3
:104CA00021F40051C160204602F07EFA20680169BB
:104CB00021F490410161416921F02A014161C168FB
:104CC00041F40051C16000202021606484F841104B
:104CD00084F84210606310BD80B586B0006844F669
:104CE000FF31C4F2000188424FF000010591CDE987
:104CF0000311CDE901112FDC44F20041C4F200019F
:104D0000884259D044F60001C4F20001884240F0C4
:104D10009980002043F630010090C4F202010A6934
:104D200042F480220A610A6902F480220092009A09
:104D30000090086840F0080008600868072100F04B
:104D40000800009000984FF4407001900020C4F2D9
:104D5000020000F540606BE041F20001C4F2010185
:104D6000884245D044F60041C4F20001884269D12E
:104D7000002043F630010090C4F202010A6942F4B7
:104D800000220A610A6902F400220092009A00904F
:104D9000086840F0040008600868082100F004007A
:104DA000009000984FF4406001900020C4F202008F
:104DB00000F500603CE000BF002043F630010090A9
:104DC000C4F202010A6942F400320A610A6902F47B
:104DD00000320092009A0090086840F001000860DC
:104DE000086800F00100009000980C201BE000BF54
:104DF000002043F630010090C4F202014A6942F0FB
:104E000010024A614A6902F010020092009A009072
:104E1000086840F001000860086800F00100009098
:104E200000984FF4C060019000200721C4F20200F6
:104E300002220292002203920322CDE9042101A959
:104E4000FDF7FEFD06B080BD2DE9F041044690F867
:104E5000410020281CBF0220BDE8F0810D4600293A
:104E60004FF0010000F0AA801646002A08BFBDE8F6
:104E7000F081002060642120984684F84100FDF70D
:104E8000C3FEA684E684A1680646B1F5805F02D120
:104E90002069002862D02F460025E08C002861D0D0
:104EA00018F1010018D0B8F1000F37D1216808E0DF
:104EB00017F8010B4860E08C0138E084E08C002892
:104EC00051D00868000673D5002FF1D135F8020BD8
:104ED00000276FF35F20EDE7216802E00868000615
:104EE00009D40868000606D4086800065CBF086894
:104EF0005FEA0060F2D51FB117F8010B05E000BFB3
:104F000035F8020B00276FF35F204860E08C013812
:104F1000E084E08C0028E4D125E000BF216800BFD8
:104F20000868000608D4FDF76FFE801B404541D895
:104F30002168C868F4E700BF17B117F8010B04E057
:104F400035F8020B00276FF35F204860E08C0138D2
:104F5000E084E08C0028E3D105E000BF0027E08C6E
:104F600000289DD12168086840061FD4B8F1000FC1
:104F70001ED018F101000FD10868400616D4086849
:104F8000400613D40868400610D4086840064FF065
:104F90000000F1D50FE000BFFDF736FE801B404555
:104FA00008D82068C16800684006F5D5002002E0F6
:104FB000FDF72AFE0320202184F84110BDE8F0818E
:104FC000FEE7000000000000F0B581B02DED0A8B77
:104FD00040F2C806C2F20006B6F90600B6F908109B
:104FE000B6F90A2000EE100AB8EEC03A00EE101A28
:104FF000B8EEC04A00EE102AB8EEC05A23EE040AFA
:1050000020EE050AB5EE400AF1EE10FA04D1BDEC2F
:105010000A8B01B0F0BD00BF64EE041A63EE032AF0
:1050200072EEA11A65EE052A72EEA11AF1EEE11AEE
:10503000B6F90400B6F9001002EE900AB6F90200C3
:1050400040F2300703EE900A04EE901ADFEDB85AF2
:10505000C2F20007F8EEE22AF8EEE33AF8EEE44A8C
:1050600096ED050A84EE214A83EE213A85EE215A17
:1050700096ED041A96ED032A64EEA54A63EEA53A6E
:1050800062EEA52AD7ED005A20EE027A61EE251ACB
:1050900020EE016A37EE617A62EE251A62EE020AAC
:1050A00036EE216A65EEA51A71EEE00A61EE011A8C
:1050B00070EEE10A60EE001A36EE066A71EEA00AA2
:1050C00037EE077A64EE206A60EE830A27EE044A20
:1050D00023EE063A66EE051A33EE443A9FED954A02
:1050E00076EEE11A96ED066A25EE075A21EE847AED
:1050F00035EE605A37EE066A96ED077A65EE040AD9
:1051000030EE877AD6ED080A23EE044A34EE204AC0
:10511000F3EE020A61EEA01A25EE205A71EEA41AEF
:1051200035EE235A23EE203A71EE861A35EE075AF1
:1051300033EE223A33EE043A65EE010A62EE612A5A
:1051400072EEE00A60EE032ADFED7B3A70EEE20ACF
:1051500060EEA30A75EEA00A63EE012A60EEA14A92
:1051600074EEA22A60EE054A72EEE42A62EEA32AE9
:1051700032EE222A63EE022A60EE854A74EEE22ABB
:1051800060EE214A74EEA22A62EEA32A31EE221AC0
:1051900025EE025A20EE833A33EE053A21EE215AEB
:1051A00033EE453A23EE233A30EE030A22EE023A7A
:1051B00020EEA05A35EE033A21EE015A35EE033ABD
:1051C00020EE005A35EE033AB1EEC33AB8EE009A3B
:1051D00086ED066A86ED077A86ED084A80EE835AE8
:1051E00082EE032A81EE031A80EE030A35EE053AB9
:1051F00086ED032A22EE092A86ED041A86ED050AB9
:1052000021EE031A22EE000A30EE010A10EE100A17
:1052100087ED005AFBF7FCF941EC100B02F0B0FFF0
:1052200051EC100B9FED400B54EC105B2A462346CB
:10523000FBF7B7F8FBF7FFF996ED04BA97ED001A04
:1052400096ED03AA96ED050A3BEE0BCA31EE011A64
:1052500021EE0A1A2CEE000A30EE010A706210EEFE
:10526000100AFBF7D5F92AEE090A2BEE0C1A20EEEC
:105270000A0A30EE410AB7EE00AA30EE0A0A41EC03
:10528000180B10EE100AFBF7C3F941EC110BB0EE4E
:10529000480AF0EE680A03F08FFA51EC100B2A4628
:1052A0002346FBF77EF8FBF7C6F996ED030A97ED68
:1052B000001A96ED04BA96ED05CA30EE000A31EEFA
:1052C000011A21EE0C1A20EE0B0A30EE010AB06230
:1052D00010EE100AFBF79CF92BEE090A2CEE091AC6
:1052E0002CEE011A20EE0B0A30EE010A30EE0A0A0B
:1052F00041EC180B10EE100AFBF78AF941EC110B88
:10530000B0EE480AF0EE680A03F056FA51EC100BC2
:105310002A462346FBF745F8FBF78DF9F062BDEC12
:105320000A8B01B0F0BD00BF00000020DCA54C409E
:1053300089A18B3A6F12033C0AD7A33B2DE9F04FAA
:1053400081B040F28C59C2F200090446B9F800005D
:10535000B9F802100138013940F6184782B28BB211
:1053600000200021C4F2020700F046FC4FF4800345
:105370004FF0800A3B60C7F800A0B9F802C0BCF14A
:10538000000F30D043F20005B9F80010C4F2010557
:10539000260A00204FF0400B04E000BF002101303E
:1053A000604520D20029F9D04FF00008009000BFDE
:1053B000284631463B60C7F800A001F01BFDE1B272
:1053C000284601F017FDC7F800B0B9F8001008F141
:1053D00001084FF480038845EAD3B9F802C0009869
:1053E00001306045DED34020386001B0BDE8F08F69
:1053F00070B502460B4600F0FFFB40F27410C2F29B
:10540000000040F618460588C4F202064FF48000FA
:1054100043F2000430608020C4F201043060290AA5
:10542000204601F0E7FCE9B2204601F0E3FC402011
:10543000306070BD2DE9F04F81B040F6184543F261
:105440000009C4F20205C4F2010901F039FC4FF66B
:105450000004CFF6FF744FF4801028516420FDF74C
:10546000DBFA102028513220FDF7D6FA4FF4800BDA
:105470004FF4000448461121C5F800B02C6001F03B
:10548000B9FC4FF0400A7820C5F800A0FDF7C4FA37
:105490004846B121C5F800B02C6001F0ABFC4FF0DC
:1054A000800848460121C5F800A0C5F800B0C5F83D
:1054B000008001F09FFC48462C21C5F800A0C5F8EB
:1054C00000B0C5F8008001F095FC48462D21C5F8D4
:1054D00000A0C5F800B0C5F8008001F08BFC48467C
:1054E000B221C5F800A0C5F800B02C6001F082FC24
:1054F00048460121C5F800A0C5F800B0C5F80080F5
:1055000001F078FC48462C21C5F800A0C5F800B091
:10551000C5F8008001F06EFC48462D21C5F800A0BA
:10552000C5F800B0C5F8008001F064FC4846B3211E
:10553000C5F800A0C5F800B02C6001F05BFC48463F
:105540000121C5F800A0C5F800B0C5F8008001F041
:1055500051FC48462C21C5F800A0C5F800B0C5F89C
:10556000008001F047FC48462D21C5F800A0C5F891
:1055700000B0C5F8008001F03DFC48460121C5F8A7
:1055800000A0C5F800B0C5F8008001F033FC484623
:105590002C21C5F800A0C5F800B0C5F8008001F0C6
:1055A00029FC48462D21C5F800A0C5F800B0C5F873
:1055B000008001F01FFC4846B421C5F800A0C5F8E2
:1055C00000B02C6001F016FC48460721C5F800A089
:1055D000C5F800B0C5F8008001F00CFC4846C021B9
:1055E000C5F800A0C5F800B02C6001F003FC4846E7
:1055F000A221C5F800A0C5F800B0C5F8008001F0F0
:10560000F9FB48460221C5F800A0C5F800B0C5F86E
:10561000008001F0EFFB48468421C5F800A0C5F8E2
:1056200000B0C5F8008001F0E5FB4846C121C5F88F
:1056300000A0C5F800B02C6001F0DCFB4846C52195
:10564000C5F800A0C5F800B0C5F8008001F0D2FB95
:105650004846C221C5F800A0C5F800B02C6001F092
:10566000C9FB48460A21C5F800A0C5F800B0C5F836
:10567000008001F0BFFB48460021C5F800A0C5F836
:1056800000B0C5F8008001F0B5FB4846C321C5F85D
:1056900000A0C5F800B02C6001F0ACFB48468A21A0
:1056A000C5F800A0C5F800B0C5F8008001F0A2FB65
:1056B00048462A21C5F800A0C5F800B0C5F800800A
:1056C00001F098FB4846C421C5F800A0C5F800B019
:1056D0002C6001F08FFB48468A21C5F800A0C5F870
:1056E00000B0C5F8008001F085FB4846EE21C5F802
:1056F00000A0C5F800B0C5F8008001F07BFB48466B
:10570000C521C5F800A0C5F800B02C6001F072FBFF
:1057100048460E21C5F800A0C5F800B0C5F80080C5
:1057200001F068FB48463621C5F800A0C5F800B076
:105730002C6001F05FFB4846C021C5F800A0C5F809
:1057400000B0C5F8008001F055FB4846E021C5F8DF
:1057500000A0C5F800B02C6001F04CFB48460F21BA
:10576000C5F800A0C5F800B0C5F8008001F042FB04
:1057700048461A21C5F800A0C5F800B0C5F8008059
:1057800001F038FB48460F21C5F800A0C5F800B06D
:10579000C5F8008001F02EFB48461821C5F800A08E
:1057A000C5F800B0C5F8008001F024FB48462F2161
:1057B000C5F800A0C5F800B0C5F8008001F01AFBDC
:1057C00048462821C5F800A0C5F800B0C5F80080FB
:1057D00001F010FB48462021C5F800A0C5F800B034
:1057E000C5F8008001F006FB48462221C5F800A05C
:1057F000C5F800B0C5F8008001F0FCFA48461F214A
:10580000C5F800A0C5F800B0C5F8008001F0F2FAB4
:1058100048461B21C5F800A0C5F800B0C5F80080B7
:1058200001F0E8FA48462321C5F800A0C5F800B009
:10583000C5F8008001F0DEFA48463721C5F800A01F
:10584000C5F800B0C5F8008001F0D4FA4846002140
:10585000C5F800A0C5F800B0C5F8008001F0CAFA8C
:1058600048460721C5F800A0C5F800B0C5F800807B
:1058700001F0C0FA48460221C5F800A0C5F800B002
:10588000C5F8008001F0B6FA48461021C5F800A01E
:10589000C5F800B0C5F8008001F0ACFA4846E12137
:1058A000C5F800A0C5F800B02C6001F0A3FA484686
:1058B0000F21C5F800A0C5F800B0C5F8008001F0C0
:1058C00099FA48461B21C5F800A0C5F800B0C5F8F4
:1058D000008001F08FFA48460F21C5F800A0C5F8F6
:1058E00000B0C5F8008001F085FA48461721C5F8D8
:1058F00000A0C5F800B0C5F8008001F07BFA48466A
:105900003321C5F800A0C5F800B0C5F8008001F04B
:1059100071FA48462C21C5F800A0C5F800B0C5F8BA
:10592000008001F067FA48462921C5F800A0C5F8B3
:1059300000B0C5F8008001F05DFA48462E21C5F898
:1059400000A0C5F800B0C5F8008001F053FA484641
:105950003021C5F800A0C5F800B0C5F8008001F0FE
:1059600049FA48463021C5F800A0C5F800B0C5F88E
:10597000008001F03FFA48463921C5F800A0C5F87B
:1059800000B0C5F8008001F035FA48463F21C5F85F
:1059900000A0C5F800B0C5F8008001F02BFA484619
:1059A0000021C5F800A0C5F800B0C5F8008001F0DE
:1059B00021FA48460721C5F800A0C5F800B0C5F88F
:1059C000008001F017FA48460321C5F800A0C5F889
:1059D00000B0C5F8008001F00DFA48461021C5F866
:1059E00000A0C5F800B0C5F8008001F003FA4846F1
:1059F0002A21C5F800A0C5F800B02C6001F0FAF922
:105A000048460021C5F800A0C5F800B0C5F80080E0
:105A100001F0F0F948460021C5F800A0C5F800B033
:105A2000C5F8008001F0E6F948460021C5F800A05D
:105A3000C5F800B0C5F8008001F0DCF948467F21C8
:105A4000C5F800A0C5F800B0C5F8008001F0D2F993
:105A500048462B21C5F800A0C5F800B02C602B27C4
:105A600001F0C8F948460021C5F800A0C5F800B00B
:105A7000C5F8008001F0BEF948460021C5F800A035
:105A8000C5F800B0C5F8008001F0B4F9484600211F
:105A9000C5F800A0C5F800B0C5F8008001F0AAF96B
:105AA00048469F21C5F800A0C5F800B0C5F80080A1
:105AB00001F0A0F94846F021C5F800A0C5F800B0F3
:105AC0002C6001F097F948460121C5F800A0C5F8FF
:105AD00000B0C5F8008001F08DF94846F621C5F800
:105AE00000A0C5F800B02C6001F084F94846002100
:105AF000C5F800A0C5F800B0C5F8008001F07AF93B
:105B000048463A21C5F800A0C5F800B02C6001F065
:105B100071F948460521C5F800A0C5F800B0C5F8E0
:105B2000008001F067F948462921C5F800A0C5F8B2
:105B300000B02C6001F05EF940F28C562C20C2F2CD
:105B40000006C0F22A00C5F800A0B0608020C0F2B4
:105B5000A000306048463621B781C5F800B02C60FF
:105B600001F048F94846C021C5F800A0C5F800B0CA
:105B7000C5F8008001F03EF92020C5F800A028609B
:105B8000308871880138013982B28BB2002000213F
:105B900000F032F8C5F800B0C5F80080708808B38E
:105BA0003188002704E000BF00210137874219D265
:105BB0000029F9D0002400BF4846FF21C5F800B0F5
:105BC000C5F8008001F016F94846FF2101F012F9EE
:105BD000C5F800A0318801348C42EDD370880137BC
:105BE0008742E5D3C5F800A001B0BDE8F08F000002
:105BF00002460B46AFF300802DE9F04F81B004461A
:105C000040F28C50C2F2000040F6184643F2000504
:105C10008946817AC4F202064FF480074FF40000EF
:105C2000C4F201050093376030602846934601F0C6
:105C3000E1F84FF0400A4FF0800828460021C6F8EE
:105C400000A03760C6F8008001F0D4F8E1B2284621
:105C5000C6F800A03760C6F8008001F0CBF82846EF
:105C60000021C6F800A03760C6F8008001F0C2F835
:105C70005FFA8BF12846C6F800A03760C6F80080AE
:105C800001F0B8F840F28C50C6F800A0C2F2000053
:105C9000017B4FF400003760306028464FF4000469
:105CA00001F0A8F828460021C6F800A03760C6F821
:105CB000008001F09FF85FFA89F12846C6F800A03D
:105CC0003760C6F8008001F095F828460021C6F834
:105CD00000A03760C6F8008001F08CF8C6F800A07C
:105CE0003760C6F800800098C1B2284601F082F8FB
:105CF00040F28C50C6F800A0C2F20000017A28469B
:105D00003760346001F076F8C6F800A001B0BDE855
:105D1000F08F00002DE9F04F85B00F4640F274116E
:105D20000DF13808C2F20001824698E82101098885
:105D3000A0F1200901910AEB5500791901380139C8
:105D40009B46144682B28BB2504639466E08049781
:105D5000FFF752FFB8F1000F039527D0002D18BFB1
:105D6000012D27D00C2D5FFA89F040F0F18049F623
:105D7000987900EB4008C0F6000919F82870002057
:105D8000002505E001357F08B542E8B280F01281B8
:105D9000F90740F27411C2F200010C80F2D05044B5
:105DA000049980B2FFF724FBECE700BF002D18BF79
:105DB000012D17D140F28C50C2F2000001884088BA
:105DC00040F27417019E01390138C2F200078AB20D
:105DD00083B2002000213E8005B0BDE8F04FFFF700
:105DE0000BBF00BF0C2D5FFA89F040F01B8249F613
:105DF000987800EB4009C0F6000818F829500027F1
:105E0000E807204608BF584600F02AFA0137BE428C
:105E10004FEA5505F4D808EB890898F80150002797
:105E2000E807204608BF584600F01AFA0137BE427C
:105E30004FEA5505F4D898F802500027E8072046A5
:105E400008BF584600F00CFA0137BE424FEA55052C
:105E5000F4D898F803500027E807204608BF5846B2
:105E600000F0FEF90137BE424FEA5505F4D898F824
:105E700004500027E807204608BF584600F0F0F914
:105E80000137BE424FEA5505F4D898F8055000276F
:105E9000E807204608BF584600F0E2F90137BE4245
:105EA0004FEA5505F4D898F806500027E807204631
:105EB00008BF584600F0D4F90137BE424FEA5505F5
:105EC000F4D898F807500027E807204608BF58463E
:105ED00000F0C6F90137BE424FEA5505F4D898F8EC
:105EE00008500027E807204608BF584600F0B8F9D8
:105EF0000137BE424FEA5505F4D898F809500027FB
:105F0000E807204608BF584600F0AAF90137BE420C
:105F10004FEA5505F4D898F80A500027E8072046BC
:105F200008BF584600F09CF90137BE424FEA5505BC
:105F3000F4D898F80B500027E807204608BF5846C9
:105F400000F08EF90137BE424FEA5505F4D831E72B
:105F50004AF20C41C0F6000140F27415002701EB33
:105F60000010C2F20005029005E000BF039801375F
:105F700087423FF41FAF02984FF0000B10F80780E4
:105F8000049807EB0009002008E000BF0BF1010BAB
:105F90004FEA5808B3455FFA8BF0E7D25FEAC87161
:105FA0002C80F3D0504480B21FFA89F1FFF720FA19
:105FB000ECE700BF049809EB880B9BF80170411CCB
:105FC00000201FFA81F9002505E000BF01357F0898
:105FD000B542E8B20CD2F90740F27411C2F20001E6
:105FE0000C80F3D0504480B24946FFF701FAEDE748
:105FF00004989BF80270811C00201FFA81F900258B
:1060000005E000BF01357F08B542E8B20CD2F907C0
:1060100040F27411C2F200010C80F3D0504480B2FF
:106020004946FFF7E5F9EDE704989BF80370C11CBA
:1060300000201FFA81F9002505E000BF01357F0827
:10604000B542E8B20CD2F90740F27411C2F2000175
:106050000C80F3D0504480B24946FFF7C9F9EDE710
:1060600004989BF80470011D00201FFA81F9002597
:1060700005E000BF01357F08B542E8B20CD2F90750
:1060800040F27411C2F200010C80F3D0504480B28F
:106090004946FFF7ADF9EDE704989BF80570411DFF
:1060A00000201FFA81F9002505E000BF01357F08B7
:1060B000B542E8B20CD2F90740F27411C2F2000105
:1060C0000C80F3D0504480B24946FFF791F9EDE7D8
:1060D00004989BF80670811D00201FFA81F90025A5
:1060E00005E000BF01357F08B542E8B20CD2F907E0
:1060F00040F27411C2F200010C80F3D0504480B21F
:106100004946FFF775F9EDE704989BF80770C11D44
:1061100000201FFA81F9002505E000BF01357F0846
:10612000B542E8B20CD2F90740F27411C2F2000194
:106130000C80F3D0504480B24946FFF759F9EDE79F
:1061400004989BF8087000F1080100201FFA81F9FB
:10615000002504E001357F08B542E8B20CD2F9070A
:1061600040F27411C2F200010C80F3D0504480B2AE
:106170004946FFF73DF9EDE704989BF8097000F1F7
:10618000090100201FFA81F9002504E001357F088C
:10619000B542E8B20CD2F90740F27411C2F2000124
:1061A0000C80F3D0504480B24946FFF721F9EDE767
:1061B00004989BF80A7000F10A0100201FFA81F987
:1061C000002504E001357F08B542E8B20CD2F9079A
:1061D00040F27411C2F200010C80F3D0504480B23E
:1061E0004946FFF705F9EDE704989BF80B7000F1BD
:1061F0000B0100201FFA81F8002505E001357F081A
:10620000B542E8B2BFF4D6ADF90740F27411C2F25C
:1062100000010C80F2D0504480B24146FFF7E8F80C
:10622000ECE700BF4AF20C41C0F600014FF0000954
:1062300001EB001818F80970002500BFF807204688
:1062400008BF584600F00CF80135AE424FEA570738
:10625000F4D8039809F101098145EBD1AAE50000C2
:1062600070B540F618460446C4F202064FF48000AA
:1062700043F2000530608020C4F201053060210A3D
:10628000284600F0B7FDE1B2284600F0B3FD4020FB
:10629000306070BD10B584B040F27C100124002144
:1062A000C2F2000042F20002C0F60074C4F2010221
:1062B0004FF48033C0E90A4101240391017680F84C
:1062C0002010C46180F83010C0E90023C0E9021139
:1062D000C0E90414FCF720F8002818BFFAF758FBAF
:1062E0000520CDE9000440F27C10C2F200006946AE
:1062F0000294FBF769FF002818BFFAF749FB04B0C6
:1063000010BD000080B540F2C41046F20041C2F258
:106310000000C4F200010023102280E80E00C0E952
:106320000333C0E905338383FCF706FA002808BF6E
:1063300080BDBDE88040FAF72BBB000080B582B07D
:106340000020CDE9000040F2EC1047F20041C2F21B
:106350000000C4F200010160FCF7CEFA002818BF6B
:10636000FAF716FB40F2EC10C2F200006946002278
:10637000FCF792FA002818BFFAF70AFB02B080BDBA
:106380002DE9F04F87B0002443F6300006940194C5
:10639000C4F20200016840F6000541F010010160FE
:1063A0000168C4F2020501F0100101910199019404
:1063B000016805F5006841F0800101600168012273
:1063C00001F0800101910199019401684FF0010AE7
:1063D00041F004010160016801F00401019101999B
:1063E0000194016841F001010160016801F00101BF
:1063F000019101990194016841F002010160016875
:1064000001F00201019101990194016841F0080134
:1064100001600068142100F00800019001984046D6
:10642000FCF7ECFB404608210022FCF7E7FB28467E
:1064300001210022FCF7E2FB2846022101224FF055
:10644000020BFCF7DBFB05F580694846E6210022DC
:10645000FCF7D4FBA5F58066304610210022FCF73E
:10646000CDFB1C2002AFCDE9020A40463946CDE9FA
:106470000444FCF7E5FA28463946CDE902AACDE9FD
:106480000444FCF7DDFA28463946CDE902BACDE9E5
:1064900004ABFCF7D5FAE620CDE9020A48463946B6
:1064A000CDE90444FCF7CCFA1020CDE9020A3046CD
:1064B0003946CDE90444FCF7C3FA4FF4407002A911
:1064C00081E8110430463946FCF7BAFA032002A9E4
:1064D00081E8110440463946FCF7B2FA07B0BDE83E
:1064E000F08F000080B540F2002045F60041C2F276
:1064F0000000C4F2000148F2A06200234FF4804C77
:10650000C0F2010280E80E00C0E9033CC0E9053397
:10651000C0E90733FCF77EFB002808BF80BDBDE85B
:106520008040FAF735BA000080B540F2542043F2BB
:106530000001C2F20000C4F201014FF48272002394
:106540004FF4007C80E80E000A21C0E90333C0E963
:10655000053CC361C0E90833C0E90A31FDF702F820
:10656000002808BF80BDBDE88040FAF711BA0000DE
:10657000B0B540F2AC2043F60001C2F20000C4F214
:1065800000014FF48272002380E80E0000F10C013C
:106590004FF0020C4FF0010E4FF40074182581E803
:1065A00008500A21C0E90645C0E90833C0E90A31AC
:1065B000FCF7D8FF002808BFB0BDBDE8B040FAF72F
:1065C000E7B90000B0B590B041F6000540F24C309C
:1065D000C4F200050021C2F20000A72263230A9141
:1065E000CDE908110691CDE90411CDE90211CDE9FB
:1065F0000011C0E90052C0E9021301618161FDF799
:10660000EDFC002818BFFAF7C3F94FF4805007904B
:1066100040F24C30C2F2000007A9FDF7B7FD002898
:1066200018BFFAF7B5F940F24C30C2F20000FEF79D
:1066300051F9002818BFFAF7ABF96020009000204C
:10664000CDE90100049040F24C30C2F200006946EE
:106650000022FEF72DF8002818BFFAF799F940F24A
:106660004C34C2F20004694620460422FEF720F8AA
:10667000002818BFFAF78CF92068A8421AD044F213
:106680000001C4F20101884232D100200B9043F690
:106690003000C4F202000168602241F01001016084
:1066A0000068032100F010000B900B9805F5FC30FA
:1066B00014E000BF00200B9043F63000C4F202004B
:1066C00001684FF4404241F0020101600068092175
:1066D00000F002000B900B9805F5F6300B920222A9
:1066E0000C9200220F910BA9CDE90D22FCF7A8F91D
:1066F00010B0B0BD80B586B040F204300022002159
:10670000C2F20000C4F2010244F29F1340F2E73CDF
:106710000591CDE90311CDE90011C0E90023C0E9DD
:10672000021CC0E904118161FDF758FC002818BF64
:10673000FAF72EF94FF48050029040F20430C2F282
:10674000000002A9FDF722FD002818BFFAF720F982
:1067500040F20430C2F200006946FDF7E1FB002878
:1067600018BFFAF715F906B080BD000080B58CB0EF
:1067700040F294300021C2F200004FF080424FF00E
:10678000FF33C0E900210122CDE90011C0E9021365
:1067900001618161CDE90321CDE90521CDE9071131
:1067A000CDE909210B9103A9FDF7C0FD002818BF11
:1067B000FAF7EEF840F29430C2F200006946FDF7B5
:1067C000AFFB002818BFFAF7E3F80CB080BD00005B
:1067D00080B58CB040F2DC3040F600020021C2F2FD
:1067E0000000C4F200024FF6FF73C0E9002101224D
:1067F000CDE90011C0E9021301618161CDE90321F6
:10680000CDE90521CDE90711CDE909210B9103A9B6
:10681000FDF78CFD002818BFFAF7BAF840F2DC301B
:10682000C2F200006946FDF77BFB002818BFFAF7AB
:10683000AFF80CB080BD0000B0B590B044F20005D8
:1068400040F22440C4F201050021C2F2000041F6EA
:106850001F420A91CDE908110691CDE90411CDE955
:106860000211CDE90011C0E90051C0E90212016135
:106870008161FDF7B3FB002818BFFAF789F84FF4E0
:106880008050079040F22440C2F2000007A9FDF7B3
:106890007DFC002818BFFAF77BF840F22440C2F2D2
:1068A0000000FEF717F8002818BFFAF771F860200B
:1068B00000900020CDE90100049040F22440C2F293
:1068C000000069460022FDF7F3FE002818BFFAF722
:1068D0005FF840F22444C2F20004694620460422D4
:1068E000FDF7E6FE002818BFFAF752F8206841F6D7
:1068F0000001C4F20001884216D0A84232D1002023
:106900000B9043F63000C4F202000168602241F0AF
:10691000100101600068032100F010000B900B983B
:1069200005F5504014E000BF00200B9043F6300006
:10693000C4F2020001684FF4404241F002010160DC
:106940000068092100F002000B900B9805F5444007
:106950000B9202220C9200220F910BA9CDE90D227D
:10696000FCF76EF810B0B0BD80B540F2445044F66C
:106970000041C2F20000C4F2000100234FF00C0CF1
:106980004FF4E13280E80E00C0E90333C0E905C3EB
:10699000C361FEF771F9002808BF80BDBDE88040E3
:1069A000F9F7F6BF80B540F26C4041F20001C2F247
:1069B0000000C4F2010100234FF00C0C4FF4E1324F
:1069C00080E80E00C0E90333C0E905C3C361FEF7E8
:1069D00053F9002808BF80BDBDE88040F9F7D8BF53
:1069E00080B540F2B44044F20041C2F20000C4F26B
:1069F000000100234FF00C0C4FF4E13280E80E0050
:106A0000C0E90333C0E905C3C361FEF735F90028C7
:106A100008BF80BDBDE88040F9F7BABF80B540F23D
:106A2000FC4044F60001C2F20000C4F20001002361
:106A30004FF00C0C4FF4E13280E80E00C0E9033354
:106A4000C0E905C3C361FEF717F9002808BF80BD80
:106A5000BDE88040F9F79CBFFEE70000F0B581B0CB
:106A600040F20817C2F20007387E073805283AD8E6
:106A7000DFE800F004162430363600BF1F20FEF792
:106A80005DFC40F60044C4F20204204602210022CC
:106A9000FCF7B4F8204604210022FCF7AFF822E00E
:106AA00040F24C32C2F2000240F2FC001268C2F224
:106AB000000000210160916312E000BF002000216E
:106AC000002400F0B7F940F20010C2F200000460A8
:106AD00006E000BF40F22400C2F200005A2101602B
:106AE0001F20FEF72BFCB86838B1456990E85E00BE
:106AF0007D6187E85E008069B86101B0F0BD00008B
:106B000040F20811C2F20001087E062813D8CA68B4
:106B10008AB1B0B5546902F10805D2E900CE29CD99
:106B20004C6101F1080429C4C1E900CE9069886173
:106B3000C0B2BDE8B0400A2810D009281AD00828F1
:106B400018BF704740F2FC00C2F200000168012942
:106B5000D8BF012101390160704700BF40F2240015
:106B6000C2F2000001680F29D8BF0F210F39016060
:106B7000704700BF40F20010C2F2000001684EF6FC
:106B80006C63A1F5FA72CFF6FF739942B8BF41F278
:106B9000883202607047000040F20811C2F2000122
:106BA000087E062813D80A698AB1B0B5546902F183
:106BB0000805D2E900CE29CD4C6101F1080429C4B1
:106BC000C1E900CE90698861C0B2BDE8B0400A2832
:106BD00010D009281AD0082818BF704740F2FC00CE
:106BE000C2F2000001680229A8BF02210131016040
:106BF000704700BF40F22400C2F200000168A529DE
:106C0000A8BFA5210F310160704700BF40F20010FE
:106C1000C2F20000016841F294129142B8BF0A46E4
:106C200002F5FA7101607047B0B540F20814C2F283
:106C30000004217E06293DD86069002808BFB0BD48
:106C40000139042928D8DFE801F0030F27172300B2
:106C500040F2B401C2F20001096840F20412C2F22B
:106C60000002116018E000BF40F24C31C2F2000196
:106C70000A68632307E000BF40F24C31C2F2000112
:106C80000A6844F61F63D362CB60A721916203E0D8
:106C90001F20FEF753FB6069D0E900CED0E9023136
:106CA000D0E90452C4E90231C4E90452C4E900CE77
:106CB0008069A061B0BD0000FEE7000070470000E1
:106CC00040F25420C2F200000068016841F0400127
:106CD000016070472DE9F04381B0089C9846154645
:106CE0000E468146FBF790FF201A00EB0804FBF7E5
:106CF0008BFF40F22001C2F200010968C1F3CB31E1
:106D000061430091D9F800108A683240921BB2FAB0
:106D100082F25209AA423DD0074618F1010031D053
:106D2000FBF772FFC01BA04238D2009800990028E0
:106D3000A1F101010091D9F80010896808BF04464B
:106D400001EA0600801BB0FA80F04009A842E7D1B2
:106D500020E000BF88683040801BB0FA80F0400916
:106D6000A84217D088683040801BB0FA80F04009F4
:106D7000A8420FD088683040801BB0FA80F04009EC
:106D8000A84207D088683040801BB0FA80F04009E4
:106D9000A842DFD1002001B0BDE8F083D9E90001AD
:106DA0004268B1F5827F22F0E00242600BD1D9F84F
:106DB0000810B1F5004F02D0B1F5806F03D1016822
:106DC00021F040010160D9F82810B1F5005F07D12A
:106DD000016821F400510160016841F40051016033
:106DE000012089F85100002089F85000032001B0EB
:106DF000BDE8F0838268920709D4826892075CBF7D
:106E000082685FEA827202D482689207F2D5C1601A
:106E10008168C90709D18168C90704BF81685FEA31
:106E2000C17102D18168C907F2D0C068C0B2704791
:106E300070470000F0B581B041F20005C4F20205D0
:106E40000C4606460022B0F1FF3FA5F500604FF06A
:106E50000101C8BF0122FBF7D1FEF20F2846102125
:106E6000FBF7CCFE44F23407C4F20107E20F2846D8
:106E70000821002E48BF76423E60FBF7BFFEE0438C
:106E8000C20F28460421FBF7B9FE002C48BF64421C
:106E90007C6001B0F0BD00002DE9F04F85B00E9F81
:106EA00093463A780390002A6ED00F9C40F28C589B
:106EB0006008DDF80CA099460E4604900020C2F24E
:106EC000000809E0CDE90075FAF7F2FB0237A244A9
:106ED00000203A78002A57D0B8F8001000281FFA8E
:106EE0008AF015D0091B81424EDBB8F80220B1B2FE
:106EF000121B8A4248DB109D5A464B46182C19D06B
:106F0000202CDFD1CDE90075FAF7A8FEDEE700BF3F
:106F1000049BC91A814237DBB8F80230B1B21B1B9F
:106F20008B4231DBD2B2802A0AD901203A78002A7A
:106F3000D2D129E0CDE90075FAF724FDC6E700BFFC
:106F40000D2A05D10137DDF80CA026440137BFE733
:106F5000112C0DD300921022109D01925A464B46DF
:106F60000295FEF7D7FE0AF1080A0137B0E700BF25
:106F7000109DCDE900245A464B460295FEF7CAFE05
:106F8000049801378244A3E705B0BDE8F08F000004
:106F9000FBF748BFB0B592B0002443F640000B9415
:106FA000CDE90944CDE907440594CDE90344CDE991
:106FB00001440094C4F202000168022541F08051AE
:106FC0000160006800F080500090009847F20000D7
:106FD0000094C4F20000016841F48041016000683F
:106FE00000F48040009000980120099010200A9041
:106FF00008200E90A820CDE90F050420119006A8C6
:107000000695CDE90C54FCF7D5F818B172B600BF5F
:10701000FEE700BF0F20CDE901054FF4A05004901A
:107020004FF48050059001A805210394FBF7B2FFAF
:1070300010B172B6FEE700BF12B0B0BD4EF6885078
:10704000CEF20000016841F4700101607047000059
:1070500040F20430C2F20000FDF780BA10B540F6ED
:10706000FF3E0368C4F2000E40F2004C7045C4F2CB
:10707000010C27DCB0F1804F31D040F20042C4F265
:10708000000290422BD040F60002C4F2000290426F
:1070900025D041F6FF72C4F20002904229DC70450F
:1070A0003CDCB0F1804F5FD040F20042C4F20002FD
:1070B000904259D040F60002C4F20002904253D0F0
:1070C00056E000BF40F60042C4F20002904206D0F3
:1070D000604504D00022C4F201029042D9D14A682E
:1070E00023F07003134341F6FF72C4F20002904292
:1070F000D5DD43F6FF72C4F20102904222DC42F277
:107100000002C4F2000290422ED00022C4F201021A
:10711000904229D0604527D02AE000BF40F60042C7
:10712000C4F2000290421FD041F60002C4F20002F5
:10713000904219D041F60042C4F20002904213D0AE
:1071400016E000BF44F20002C4F2010290420BD0EC
:1071500044F60002C4F20102904205D044F200421B
:10716000C4F20102904203D1CA6823F4407313436E
:1071700023F080024B69D1F800E08C681A4302606A
:10718000C46240F48062C0F828E0624504BF096927
:107190000163012141610169C90708BF10BD01698F
:1071A00021F00101016110BD10B504460068D4E969
:1071B00002C22369016921F44051114301616269EE
:1071C00043EA0C01E3691143C268194349F20C63B5
:1071D0009A431143C1604169A26921F4407141F2AF
:1071E0000043114340F48062C4F201039A424161BA
:1071F00002D1FBF795FF01E0FBF77EFFE1696368D1
:107200001922B1F5004FA0FB020123D15A00DB0F78
:10721000F8F7D6FF48F21F51C5F2EB11A0FB01238E
:107220005A094FF69C73C0F6FF7303F1805302FBBB
:107230000300322303EBC000A0FB01014FF4F87000
:1072400000EA111000EB0210C1F34211084421685A
:10725000886010BD9A009B0FF8F7B2FF48F21F51EB
:10726000C5F2EB11A0FB01235A094FF69C73C0F63F
:10727000FF7302FB0300322303EB0010A0FB0101AC
:10728000F02000EA511000EB0210C1F34311084452
:107290002168886010BD0000FEE700002DE9F04F76
:1072A00081B0894683461044194486B28FB20A9C45
:1072B000304639469A469046FEF79AFC2046FEF73D
:1072C000CFFFABEB080085B228463946FEF790FCAD
:1072D0002046FEF7C5FFA9EB0A0087B230463946C3
:1072E000FEF786FC2046FEF7BBFF28463946FEF730
:1072F0007FFC2046FEF7B4FF0AEB0B0008EB090108
:1073000085B28EB228463146FEF772FC2046FEF763
:10731000A7FFABEB0A0087B238463146FEF768FCA0
:107320002046FEF79DFFA9EB080086B228463146AD
:10733000FEF75EFC2046FEF793FF38463146FEF727
:1073400057FC204601B0BDE8F04FFEF789BF0000B2
:1073500010B504460420FCF7BDFD40F27810C2F2DF
:107360000000046010BD000080B582B0019040F2C2
:107370006C40C2F2000001A901224FF0FF33FDF77B
:1073800063FD019802B080BD2DE9F04F8BB08246BD
:107390001498894603211F4615460028A1EB430196
:1073A00000F09080002F00F1B4800022002311E053
:1073B000049F029BD81B01EB800000F10A01013FF2
:1073C000039AD946C246BB4203F10103A2F101026E
:1073D00080F29F8003EB0A000A90AAEB0300099059
:1073E00003EB09000890A9EB0300079018460591EC
:1073F0009F420497C8BF38460130CB469146D046DD
:107400009A460690039202930BEB0A0084B20A9804
:10741000214686B23046FEF7EBFB2846FEF720FFFA
:107420000998214687B23846FEF7E2FB2846FEF768
:1074300017FF0BEB090084B230462146FEF7D8FB5C
:107440002846FEF70DFF38462146FEF7D1FB2846B9
:10745000FEF706FF08EB0A0084B2089886B22046C1
:107460003146FEF7C5FB2846FEF7FAFE08EB090099
:1074700087B238463146FEF7BBFB2846FEF7F0FEE2
:10748000079886B220463146FEF7B2FB2846FEF743
:10749000E7FE38463146FEF7ABFB2846FEF7E0FE36
:1074A00006980AF1010A5045A9F10109ACD10599E4
:1074B000B1F1FF3F3FF77CAF029B049F01EB8300DC
:1074C000811D7DE7002F24D400244FF0FF380626CD
:1074D0000BE000BFE01B01EB800000F10A01013F5F
:1074E0000134B84506F1040613DA08F101085046E4
:1074F0008B46494642463B460095FFF7CFFE59462C
:10750000BBF1FF3FE6DC31440134B84506F1040627
:10751000EBDB0BB0BDE8F08FF0B581B040F60004B6
:10752000C4F2020480208DF80100204602210022CE
:10753000FBF764FB40F2AC25C2F200050DF101013E
:10754000284601224FF47A73FCF7DEF90DF10201AF
:10755000284602224FF47A73FCF7D6F8204602211F
:107560000122FBF74BFB9DF80350242D40F0E480F3
:107570007C20ADF80200204602210022FBF73EFBF2
:1075800040F2AC26C2F200060DF1020130460222A2
:107590004FF47A73FCF7B8F9204602210122FBF779
:1075A0002DFB1420FBF738FA5920ADF802002046D5
:1075B00002210022FBF722FB0DF1020130460222DC
:1075C0004FF47A73FCF7A0F9204602210122FBF761
:1075D00015FB5E208DF80200204602210022FBF7F9
:1075E0000DFB0DF10201304601224FF47A73FCF7D6
:1075F0008BF94AF61C21C0F6000130464FF40052C8
:107600004FF47A73FCF780F9204602210122FBF740
:10761000F5FA40F25910ADF802002046022100228E
:10762000FBF7ECFA0DF10201304602224FF47A73B7
:10763000FCF76AF9204602210122FBF7DFFA142049
:10764000FBF7EAF940F67D60ADF802002046022122
:107650000022FBF7D3FA0DF10201304602224FF46B
:107660007A73FCF751F9204602210122FBF7C6FA92
:107670004AF24070ADF80200204602210022FBF7DA
:10768000BDFA0DF10201304602224FF47A73FCF785
:107690003BF9204602210122FBF7B0FA4AF64210DC
:1076A000ADF80200204602210022FBF7A7FA0DF1F7
:1076B0000201304602224FF47A73FCF725F9204686
:1076C00002210122FBF79AFA40F24120ADF80200B4
:1076D000204602210022FBF791FA0DF1020130460B
:1076E00002224FF47A73FCF70FF92046022101229F
:1076F000FBF784FA40F22807C2F200074FF08B40F4
:10770000386040F24330ADF80200204602210022EA
:10771000FBF774FA0DF10201304602224FF47A733E
:10772000FCF7F2F8204602210122FBF767FA43F248
:107730003330C4F203307860284601B0F0BD000059
:10774000B0B540F20044C4F2020420464FF4807108
:10775000FBF746FA40F238050128C2F2000504D1D1
:107760002878002804BF0120287020464FF480713B
:10777000FBF736FA002818BFB0BD2878012809D1D8
:10778000297900202870481C2871BDE8B040FFF717
:1077900003BA00BFB0BD0000B0B540F20044C4F26F
:1077A000020420464FF40071FBF71AFA40F2380544
:1077B0000128C2F2000504D16878002804BF012026
:1077C000687020464FF40071FBF70AFA002818BFD2
:1077D000B0BD6878012809D1697900206870481C1B
:1077E0006871BDE8B040FFF78BB900BFB0BD0000C5
:1077F000B0B541F20004C4F2020420460121FBF7B7
:10780000EFF940F238050128C2F2000504D1A8784A
:10781000002804BF0120A87020460121FBF7E0F9F1
:10782000002818BFB0BDA878012809D1A979002087
:10783000A870481CA871BDE8B040FFF7F5B900BFBB
:10784000B0BD0000B0B541F20004C4F2020420460D
:107850000221FBF7C5F940F238050128C2F2000504
:1078600004D1E878002804BF0120E87020460221F6
:10787000FBF7B6F9002818BFB0BDE878012809D198
:10788000E9790020E870481CE871BDE8B040FFF7D6
:10789000E5B800BFB0BD0000D4B0FBF7D1FAFFF7E8
:1078A00079FBFEF76DFDFEF72DFDFEF71BFEFEF7E3
:1078B0003BFEFEF75DFEFEF759FFFEF789FFFEF780
:1078C000BBFFFFF751F8FFF76DF8FFF789F8FFF7F7
:1078D000A5F8FEF70FFFFEF775FEFEF7DBFCFEF7DF
:1078E0002DFDFDF7A7FD00F089F940F24C39C2F2F9
:1078F000000948460421FDF71FF8484600214FF0D3
:107900000008FDF719F840F20430C2F20000FCF75D
:10791000E7FB00F0B9FB00F099F940F29C51C2F28C
:107920000001086040F2B000C2F2000001210160D5
:1079300049F28850C0F6000090E88E00D0E9046556
:1079400080690DF59A7C539049F2C050C0F6000052
:107950008CE88E00CDE9516590E88E00D0E9046591
:1079600080690DF58C7C4C9049F2DC50C0F600002B
:107970008CE88E00CDE94A6590E88E00D0E9046578
:1079800080690DF1FC0C459049F2F850C0F60000FA
:107990008CE88E00CDE9436590E88E00D0E904655F
:1079A00080690DF1E00C3E9049F21460C0F60000D1
:1079B0008CE88E00CDE93C6590E88E00D0E9046546
:1079C00080690DF1C40C379049F23060C0F60000B8
:1079D0008CE88E00CDE9356590E88E00D0E904652D
:1079E00080690DF1A80C309049F2A450C0F6000057
:1079F0008CE88E00CDE92E6590E88E00D0E9046514
:107A000080690DF18C0C8CE88E005949299058A0A2
:107A1000071DCDE927651C918ECFD0E905600DF1DA
:107A2000740C8CE88E005949229058A0071D2196AD
:107A300015918ECFD0E905600DF1580C8CE88E00C1
:107A400059491B9058A0071D1A960E918ECFD0E968
:107A500005600DF13C0C8CE88E005A49149059A039
:107A6000071D139607918ECFD0E905600DF1200C0C
:107A70008CE88E005A490D9059A0071D0C96009174
:107A80008ECFD0E905601CAC0DF1040C4B9415AC05
:107A90008CE88E00CDE9056046A93FAA31AE44943A
:107AA0000EAC509149923B964DA843913C922E9634
:107AB00023AF3D9407AC1E9117920996DDE94D1254
:107AC00040F2F80651904F90529736946C46C2F2AD
:107AD000000638AB2AAD2F94539CC6E9041206F178
:107AE0001801429334954A903593489041903A90CA
:107AF0003390CDE92C00259010930295DDE95035A7
:107B0000A9C11F20B462FDF719FCB0680146FFF758
:107B100091F9D9F8000040F2EC14C2F20004C0F868
:107B20003880C0F834802046002100224FF40063E2
:107B3000FAF728FF20460021FAF73CFF40F27C10BC
:107B4000C2F20000FAF74AFDA820FFF701FCFFF798
:107B5000E3FC00BFFAF7B0FA70698047FFF7F0FD69
:107B6000FFF71AFEFFF744FEFFF76CFEF2E700BFD7
:107B700043CA0008ED0C00080000000000000000EF
:107B800000000000000000000800000050CA0008CB
:107B9000010F0008000000000000000000000000CD
:107BA00000000000090000005DCA0008191100086B
:107BB00000000000000000000000000000000000C5
:107BC0000A0000006ACA00087913000800000000DB
:107BD0000000000000000000000000000B0000009A
:107BE00077CA0008591500080000000000000000D6
:107BF00000000000000000000C00000010B540F282
:107C00002444C2F2000420460021FCF725FF204650
:107C10000421FCF721FF40F29434C2F20004204614
:107C20000021FCF73BFC20460421FCF737FC40F226
:107C3000DC34C2F2000420460021FCF72FFC204671
:107C40000421BDE81040FCF729BC00002DE9F04FED
:107C5000E5B040F2A0554EF6BF404FF6C921C2F242
:107C60000005CDF2C060CDF2C851C5E9001043F661
:107C70003F711D20CCF63F11C5F89409C5F898193D
:107C800005F698102C21C0F894194BF6C15141F219
:107C90003030CBF6D63129504CF6C0712844CAF2A8
:107CA000BB21416026210026C0F894194EF2C7017D
:107CB000067241F6C840CAF6BB0129504CF6B41111
:107CC0002844CAF6C64141604DF2AC114DF2C122C2
:107CD000C0F2A1010DF10409CCF6BB124CF2C113A4
:107CE0004BF6A767C0F8071049F6D021CBF6C16361
:107CF000C0F2A707C5F89C29C0F6000148464FF41A
:107D0000C8722E72C5F8A039C5F8A479F8F789FAB7
:107D100059F8061009EB06000131071D49F8061055
:107D20008ECF643601314160511C8160591C42691B
:107D3000C160791C0161511C82694161511CC26999
:107D40008161511C026AC161511C426A0162511C6D
:107D5000826A4162511CC26A8162511C026BC1621B
:107D6000511C426B0163511C826B4163511CC26BFD
:107D70008163511C026CC163511C426C0164511C33
:107D8000826C4164511CC26C8164511C026DC164DF
:107D9000511C426D0165511C826D4165511CC26DC3
:107DA0008165511C026EC165511CB6F5C87F016624
:107DB000AED142F25C6E642149F2C06749F6580ABE
:107DC00045F80E1009F104001D210022C0F600073D
:107DD00041F22C3BC0F6000A41F6C44841F2643C33
:107DE0000023009006E000BF0133C82B02F1080217
:107DF00000F0EC808B421DDB55F80B00834237DB33
:107E000055F80800834247DB55F80E0083425FDBDC
:107E100001338B4273DB55F80B008342C0F28A803A
:107E200055F808008342C0F29C8055F80E0083424A
:107E3000DADAB4E0B95849F23470544605EB020A74
:107E4000C0F60000CAF83410815849F24C60C0F600
:107E5000000050F802E0CAF85413CAF874E6D5F8E6
:107E60009419A24642F25C6E55F80B008342C7DAC1
:107E70005AF80200AC18C4F8CC0949F2A870C0F650
:107E8000000080580126C4F8EC6C41F20C06A051A9
:107E900055F808008342B7DA49F6A010C0F6000092
:107EA0008058AC1804EB0C0644F80C0049F6382056
:107EB00049F60814C0F60000C0F600048058A45823
:107EC000C6F82003C6F8404655F80E0083429FDAF4
:107ED00049F66040C0F600008058AE186644C6F807
:107EE000980949F6F050C0F60000805859F8024051
:107EF000C6F8B80CC6F8D84F01338B428BDAB818E5
:107F00004068A918886349F2347049F24C64C0F69D
:107F10000000C0F600041044A61840687668C1F856
:107F20005803C1F87866D5F8941955F80B008342C8
:107F3000BFF676AF0AEB02004068AE18C6F8D0096B
:107F400049F2A870C0F60000104440680124C6F849
:107F5000F04C41F21004305155F808008342BFF64E
:107F600064AF49F6A010C0F6000010444068AE1897
:107F70006644706049F6382049F60814C0F60000DF
:107F8000C0F600041044144440686468C6F8240332
:107F9000C6F8444655F80E008342BFF625AF49F6B1
:107FA0006040C0F6000010444068AE186644C6F851
:107FB0009C0949F6F050C0F60000009C104440684F
:107FC000A458C6F8BC0CC6F8DC4F0DE7032065B01A
:107FD000BDE8F08F2DE9F04340F2400C40F2A05292
:107FE000C2F2000CC2F2000240F69813DCF800E086
:107FF00000FB032340F2AC0603EB8E05D5F85403D7
:108000006A6B0CEB4010C2F2000640F24C3900EBF8
:1080100082003768C2F200094068D9F80020012FB9
:1080200024D10027376040F21C06C2F200063668F1
:10803000D5F8745640F21808C2F2000806EBD67460
:10804000C8F80050002D08BF661040F2A804C2F224
:1080500000042660D062D3F894390EF10106C9F805
:108060000C009E42B8BF3746CCF8007046F26763FA
:10807000C6F2666350FB03F0C31003EBD0704843B5
:108080009063BDE8F083000070B540F24000C2F29A
:108090000000BF22AA234FF0970C4FF08F0E7F24D1
:1080A00071256526826200F13802C362C0F830C0D3
:1080B000C0F834E070C24FF4BF724FF4AA734FF4AB
:1080C00097764FF48F75FE244FF0E20C4FF0CA0EF6
:1080D00000218260C3600661C0E90554C0E907CE93
:1080E0005F2255234B2647253F244FF0380C4FF095
:1080F000320E4162416041648264C3640665C0E936
:108100001554C0E917CE70BD0FB4054B10B503A9C7
:10811000044A029800F0D8FD10BC5DF814FB000082
:1081200069730008000000200FB4084B10B504A9C3
:1081300002AA039800F0C8FD044602A9002001F03D
:108140005AF9204610BC5DF814FB0000F7930008B4
:1081500003B401984100009850EAC12018BF0420E0
:108160004A0D18BF40F0010040F2FF72B2EB515FC0
:1081700008BF40F00200012808BF052002B0704788
:1081800070B5C1482DED020B2DED0E8B82B0119D07
:1081900025F000449FEDBEDB9FEDBFEB84423EDB4C
:1081A000A4F140511098A1F17F6108430FD0BC4861
:1081B000844202DC28D1109830B39DED100B02B040
:1081C000BDEC0E8B02B0BDE8704000F071BC9DEDBF
:1081D000100B53EC1D2B51EC100BF8F7E2F89DED52
:1081E000100B41EC180B53EC1E2B51EC100BF8F755
:1081F000D8F853EC182BF8F72DF841EC100B02B01F
:10820000BDEC0E8B02B070BD012000F095FC02B0F9
:10821000BDEC0E8B02B0BDE8704000F05DBCA14823
:108220009FEDA18B844256DA9DED100BB4F1795F7E
:108230000ADA51EC100BFFF78BFF042808BF00F09F
:108240005BFC9DED100BDAE753EC102B51EC100B9F
:10825000F8F7A7F841EC190B95480621B0EE490A4A
:10826000F0EE690A784400F0A7FB53EC192B51ECAF
:10827000100BF8F796F841EC1A0B8E48B0EE490A4D
:10828000F0EE690A0421784400F096FB53EC192BB8
:1082900051EC100BF8F785F853EC182BF7F7DAFFD1
:1082A00041EC100B51EC1A0B53EC102BF8F7EBF8D8
:1082B000CDE900019DED000B53EC102B9DED100B53
:1082C00051EC100BF8F76DF89DED101B53EC112BD2
:1082D000F7F7C0FFD2E09DED100B51EC100B01F051
:1082E00097F853EC182BF8F759F89FED730BCDE97D
:1082F000000153EC102B9DED000B51EC100BF8F727
:1083000050F841EC190B6E480621B0EE490AF0EE28
:10831000690A784400F050FB53EC192B51EC100B18
:10832000F8F73FF841EC1B0B6648B0EE490AF0EE57
:10833000690A0421784400F03FFB53EC192B51ECFF
:10834000100BF8F72EF853EC182BF7F783FF41ECDE
:108350001C0B51EC190B01F067F841EC180B5A4853
:108360009FED5BABA04222DC53EC1C2B51EC1B0BB2
:10837000F8F789F8CDE900019DED000B51EC180BE1
:1083800053EC102BF8F70DF853EC182BF7F762FFAE
:1083900053EC1A2BF8F705F853EC1D2BF7F7FBFFFE
:1083A00053EC1E2BF7F7FAFF41EC100B5FE08DED5D
:1083B000008B002000909DED000B51EC180B53EC4E
:1083C000102BF7F747FF9DED000B41EC1E0B53EC14
:1083D000102B51EC100BF7F7E4FF53EC192BF7F7C8
:1083E000DDFF53EC1E2BF8F74EF841EC190B53EC64
:1083F0001C2B51EC1B0BF8F746F841EC1B0B53EC14
:108400001A2B51EC190BF7F7CCFF53EC1D2BF7F798
:10841000C5FF41EC190B53EC1A2B51EC180BF7F775
:10842000C0FF53EC1B2BF7F7BCFF53EC192BF7F7EE
:10843000B2FF9DED000B41EC180B53EC1A2B51ECE5
:10844000100BF7F7AEFF9FED249B53EC192BF7F7BA
:10845000A5FF41EC100B51EC180B53EC102BF7F768
:108460009AFF53EC192BF7F799FF41EC100B002DF5
:108470003FF7C5AE51EC100B81F0004141EC100B01
:10848000BDE60000000000000000F03F000000001A
:10849000075C143326A6913C182D4454FB21F93F68
:1084A0000000F07F0000E03F000000000000F03F0F
:1084B000301200003E120000000000000000E03F0B
:1084C00082110000901100003333EF3F00000000E4
:1084D0000000000000000040182D4454FB21E93F3B
:1084E00070B59B482DED020B2DED068B079D25F0F9
:1084F0000044A04218DC9748844202DC0AD1069866
:1085000040B19DED060BBDEC068B02B0BDE870409E
:1085100000F0CEBA002DCCBF9FED8F0B9FED900BDE
:10852000BDEC068B02B070BD8F48A04215DD8F48B0
:10853000A042D8BF4FF0FF3458DD9DED060B51EC43
:10854000100BFFF705FE042808BF00F0D5FA9DEDDB
:10855000060BBDEC068B02B070BD9DED060B51EC19
:10856000100B00F055FFCDE9060181489FED828B8D
:10857000A0423CDD8248A0421FDD00249FED82AB7B
:108580009DED060B53EC1A2B51EC100BF7F762FE26
:108590009DED060B41EC190B53EC1A2B51EC100B13
:1085A000F7F7FFFE53EC182BF7F7F5FE53EC192BFA
:1085B000F7F769FFCDE9060149E09DED060B0124BF
:1085C00053EC182B51EC100BF7F744FE9DED060B06
:1085D00041EC190B53EC182B51EC100BF7F7DBFEA9
:1085E00053EC192BF7F74FFFCDE906012FE0684850
:1085F000A0421FDD02249FED689B9DED060B53EC0E
:10860000192B51EC100BF7F7CCFE53EC182BF7F7A6
:1086100021FE9DED060B41EC180B53EC192B51EC90
:10862000100BF7F7B8FE53EC182BF7F72CFFCDE93A
:1086300006010CE09DED060B032453EC102B9FED7F
:10864000580B51EC100BF7F71EFFCDE906019DED1D
:10865000060B53EC102B51EC100BF7F7A2FE41EC7C
:10866000180B53EC182BF7F79CFE41EC190B4E48F6
:108670000621B0EE490AF0EE690A784400F09CF950
:1086800053EC182B51EC100BF7F78BFE41EC180B49
:108690004648B0EE490AF0EE690A0521784400F038
:1086A0008BF953EC192B51EC100BF7F77AFE41ECD8
:1086B000100B51EC180B53EC102B002C0EDAF7F7C3
:1086C000C9FD9DED061B53EC112BF7F76AFE9DEDDE
:1086D000061B53EC112BF7F761FE35E0F7F7BAFDF7
:1086E0009DED061B53EC112BF7F75BFE41EC100BD5
:1086F0002F48784400EBC40090ED001B51EC100BA8
:1087000053EC112BF7F747FE9DED061B53EC112B95
:10871000F7F741FE41EC100B2648784400EBC4000B
:1087200090ED001B51EC100B53EC112BF7F736FEBC
:1087300041EC100B002DA2BFBDEC068B02B070BD4A
:1087400051EC100B81F0004141EC100B01E70000EF
:10875000000010440000F07F182D4454FB21F93F25
:10876000182D4454FB21F9BF0000DC3F0000203EDF
:108770000000F33F00000000000000000000F03F98
:108780000000E63F00000000000000000000004084
:108790000080034000000000000000000000F83FDF
:1087A000000000000000F0BFD20E0000880E0000A4
:1087B000120E0000CA0D000070B56F4E2DED040BB7
:1087C0002DED048B82B0DDF824C0DDE907235C4287
:1087D0002CF000411C4341EAD474069D22F0004075
:1087E000B44205D86C422C4340EAD474B4420BD94D
:1087F0009DED081B9DED060B02B0BDEC048B04B093
:10880000BDE8704000F05EB9ACF14054A4F17F6463
:108810001C430BD0022404EAAC7444EAD27405432E
:108820009FED578B9FED582B07D015E09DED060B64
:1088300051EC100B00F0E4FD42E0002C11BF012CC4
:108840009DED060B02B0BDEC048B04BF04B070BDFF
:10885000022C38D0032C3BD00B439FED4D1B9FEDDA
:108860004E0B0AD0B14218D1B04209D121F080415B
:1088700020F08040099107900FE0002A15DA10E0FF
:10888000474B7B44002C08BF93ED000B0DD0012C0F
:1088900010D0022C17D0032C1AD0B0421DD1002AC0
:1088A00003DAB0EE410AF0EE610A02B0BDEC048BCF
:1088B00004B070BD93ED000B51EC100B81F0004142
:1088C00041EC100BF1E7B0EE480AF0EE680AECE775
:1088D000B0EE420AF0EE620AE7E7401A00159FED9B
:1088E000329B3C28C8BF8DED000B17DCBCF1000F9C
:1088F000BCBF10F13C0F8DED009B0FDB9DED080B15
:1089000053EC102B9DED060B51EC100BF7F7BBFD54
:1089100000F07EFD00F074FDCDE90001B4B1012C42
:1089200010D0022C9FED220B53EC102B9DED000B71
:1089300051EC100B19D0F7F72EFD53EC182BF7F76D
:108940002AFDBDE7019880F0004001909DED000BED
:1089500053EC192B51EC100BF7F77CFF04BF0220EE
:1089600000F0EAF89DED000B9FE7F7F714FD53ECDC
:10897000182BF7F713FDA3E70000F07F00000000BD
:10898000182D4454FB210940182D4454FB2109C0E3
:10899000182D4454FB21F9BF182D4454FB21F93FF5
:1089A000FA0C0000000000000000000000000000C1
:1089B000075C143326A6A13C70B504462DED028B4E
:1089C0004D1E00EBC500B0EE408AF0EE608A90EDDF
:1089D000000B35F0060017D053EC182B51EC100BA0
:1089E000F7F7DFFC41EC100B6D1E04EBC50090EDBA
:1089F000001B51EC100B53EC112BF7F72BFC41EC47
:108A0000100B35F00600E7D1022D36D0042D1CD016
:108A1000062D1CBFBDEC028B70BD53EC182B51EC26
:108A2000100BF7F7BEFC94ED0A1B53EC112BF7F774
:108A300011FC53EC182BF7F7B4FC94ED081B53EC26
:108A4000112BF7F707FC41EC100B53EC182B51ECF2
:108A5000100BF7F7A6FC94ED061B53EC112BF7F760
:108A6000F9FB53EC182BF7F79CFC94ED040B53EC3B
:108A7000102BF7F7EFFB41EC100B53EC182B51ECDC
:108A8000100BF7F78EFC94ED021B53EC112BF7F74C
:108A9000E1FB53EC182BF7F784FC94ED001B53EC2F
:108AA000112BF7F7D7FBBDEC028B41EC100B70BD1F
:108AB00010B553EC102B51EC100BF7F7CBFB41EC3E
:108AC000100B10BD10B553EC112B51EC100BF7F738
:108AD000C1FB41EC100B10BD9FED050B10B553EC25
:108AE000102B51EC100BF7F7CEFC41EC100B10BD26
:108AF00000000000000000009FED050B10B553ECD6
:108B0000102B51EC100BF7F74CFC41EC100B10BD87
:108B1000000000000000001002E008C8121F08C199
:108B2000002AFAD170477047002001E001C1121FEE
:108B3000002AFBD17047000001490860704700001F
:108B4000040000202DE9FF5F82B00021DDE9043040
:108B5000020DDDF840B0034318D044F61050A2F2E5
:108B6000FF3242431514119801281FD0A5EB0B00CA
:108B7000401C5FEA000A4FF000064E4FDFF83891C4
:108B8000B046504615D5CAF1000413E011980124EF
:108B90004AA3012801D16FEA0B010298119AC0E99A
:108BA0000031C0E9024206B0BDE8F09FCBF1000001
:108BB000DFE704460021404A491842EB0450CDE962
:108BC000001012E0E00707D032463B4640464946D7
:108BD000F7F7E7FB8046894632463B461046194682
:108BE000F7F7DFFB06460F466410002CEAD1DDE9FB
:108BF0000401DDE90023BAF1000F06DAF7F7D1FB33
:108C000042464B46F7F7CDFB05E0F7F73CFC424602
:108C10004B46F7F738FC04460E460022284BF7F780
:108C200031FE03D84FF0FF30014607E00022254B0C
:108C300020463146F7F70EFBF7F7F4FD102409E064
:108C4000002C0ADB0A220023F7F7BAFA039B303222
:108C50001A55641E50EA0102F2D1641C039AC4F151
:108C600011031444119A012A03D0012208430DD1A3
:108C70000AE0084304D000204FF0110B119072E776
:108C8000A3EB0B056D1E0DE05B4504DD4FF000020C
:108C900005F1010504E003DA4FF00002A5F101053A
:108CA000002AECD002981199C0E90231C0E90045D0
:108CB00079E70000000014400000F03F30000000A1
:108CC0000000F0430000E03F2DE9FF4F95B09B46C8
:108CD0008946064600250FE2252877D1002427463D
:108CE000F84A0121059400E0044316F8013F203BB7
:108CF00001FA03F01042F7D130782A2811D06FF032
:108D00002F033078A0F13002092A16D8059A44F0D2
:108D1000020402EB820203EB42021044761C05902F
:108D2000EFE759F8042B0592002A03DA504244F485
:108D30000054059044F00204761C30782E2816D199
:108D400016F8010F44F004042A280DD06FF02F020A
:108D50003078A0F13003092B09D807EB870302EB29
:108D60004303C718761CF3E759F8047B761C307868
:108D70006C280FD006DC4C2817D068280DD06A2844
:108D800014D104E0742810D07A280FD10DE044F4F7
:108D900000140AE044F4801401E044F440147278B2
:108DA000824202D104F58014761C761C3078662845
:108DB0000BD013DC582877D009DC002875D0452863
:108DC000F6D04628F4D047281AD19DE118E0632850
:108DD00035D0642879D0652812D195E1702873D0F8
:108DE00008DC6728F1D069286FD06E280DD06F2875
:108DF00006D1B5E073282CD0752875D0782874D0AA
:108E00005A46179990476D1C75E1C4F30250022829
:108E100009D003280DD0D9F8001004280DD00D601A
:108E200009F1040967E1D9F80010EA17C1E9005215
:108E3000F6E7D9F800100D80F2E70D70F0E719F8A9
:108E4000041B8DF8001000208DF80100EA46012077
:108E500003E059F804AB4FF0FF3061074FF0000119
:108E600002D40DE008F101018846B9420FDA8045CD
:108E7000F8DB1AF808100029F4D108E008F1010124
:108E800088468142FADB1AF808100029F6D10598C5
:108E90005B46A0EB080721463846179A00F094FA83
:108EA000284400EB080507E04DE029E10DE01AF841
:108EB000010B5A4617999047B8F10108F7D25B4663
:108EC00021463846179A13E142E00A220092C4F381
:108ED00002524FF0000A022A08D059F804CB032AA4
:108EE0004FEAEC710AD00DE029E02AE009F1070110
:108EF00021F00702F2E802C1914609E00FFA8CFC6A
:108F00004FEAEC71042A03D14FFA8CFC4FEAEC7162
:108F1000002907DA0A460021DCF1000C61EB0201AE
:108F20002D2202E0220504D52B228DF804200122F7
:108F300003E0E20701D02022F7E7904659E00A213A
:108F400002E010220DE010214FF0000A00910BE02A
:108F500010224FF0000A44F004040827009203E0B6
:108F600008224FF0000A0092C4F30252022A05D0F0
:108F700059F804CB0021032A08D009E009F10701C0
:108F800021F00702F2E802C1914605E01FFA8CFCCD
:108F9000042A01D10CF0FF0C4FF00008220728D55D
:108FA000702806D0009B83F0100353EA0A0305D013
:108FB0000EE040228DF80420012208E05CEA010264
:108FC00006D030228DF804208DF80500022290464C
:108FD000009B83F0080353EA0A030AD15CEA01020A
:108FE00001D1620705D530228DF804204FF0010829
:108FF0007F1E582804D034A003900EA802900DE0E4
:1090000036A0F9E753466046009AF7F7D9F8844648
:109010000398825C0298401E029002705CEA010094
:10902000F0D1029806A9081A00F1200A600702D5BB
:1090300024F4803400E00127574502DDA7EB0A0045
:1090400000E0002000EB0A01009005984144401A1E
:109050000590E00306D45B462146179A059800F078
:10906000B3F90544002706E001A85A46C05D1799E8
:1090700090476D1C7F1C4745F6DBE0030CD55B4633
:109080002146179A059800F09FF9054404E0302026
:109090005A46179990476D1C0099481E0090002968
:1090A000F5DC08E0029802995A460078491C0291C2
:1090B000179990476D1CBAF10001AAF1010AF1DC81
:1090C00065E100000928010030313233343536378C
:1090D0003839616263646566000000003031323304
:1090E00034353637383941424344454600000000A4
:1090F00000F058F90544761C307800287FF4ECAD78
:1091000019B02846BDE8F08F620700D4062709F1A0
:10911000070222F0070CFCE80223E14603F00048B6
:109120005FEA080C02D00FF2702C0DE05FEA045CDD
:1091300002D50FF2682C07E05FEAC47C02D00FF280
:10914000602C01E0AFF2700C4FF0FF3823F00043C9
:10915000CDF850C065280CD006DC452809D046283B
:109160001DD047283DD13DE0662818D067287ED124
:1091700038E00021112F01DB112000E0781CCDE93F
:10918000000106A90EA8FFF7DDFCDDE90F010E9A2C
:1091900003910021009207F1010A04914DE04FF084
:1091A00000400097CDE9011006A90EA8FFF7CAFC00
:1091B000DDE90F0203920E9B11990022DDF80CA04D
:1091C0000093049211B9791C00EB010AB7EB0A0075
:1091D00004D4C0F1FF3007F1010A0490AAEB0700A4
:1091E000019044E0012F00DA01270021112F01DD59
:1091F000112000E03846CDE9000106A90EA8FFF7CE
:10920000A1FCDDE90F010E9A039100210491009267
:10921000BA4621070CD40399514500DA8A46BAF1BF
:10922000010F05DD009AAAF10101515C302908D037
:10923000B84202DA10F1040F06DA0121CDE901107B
:1092400015E0AAF10101E9E7002805DC04990144D1
:109250000491AAEB000102E0411C514500DD8A4661
:109260000499401A401C01904FF0004002902007E2
:1092700004D40198504501DBCDF8048000208DF81E
:109280004F0002980DF14F07B0F1004F25D02B2071
:109290000E9002984FF0020800280CDA404202902B
:1092A0002D200E9007E00A210298F7F7E0F93031FF
:1092B000029007F8011DB8F10001A8F10108F2DCE5
:1092C00002980028EFD1791E0E980870307800F0CF
:1092D000200040F0450007F8020D12A8C01B00F165
:1092E00007081498007800B1012000EB0A010198EA
:1092F00001EBE07105984144401A401E0590E003DF
:1093000006D45B462146179A059800F05DF805449F
:109310001498007818B15A46179990476D1CE003CD
:1093200024D55B462146179A059800F04DF8054470
:109330001CE00498002807DBDDE90301884203DD17
:109340000098405C179901E0179930205A469047E1
:10935000049805F10105401C04900198401E0190FD
:1093600004D12E205A46179990476D1CBAF100017E
:10937000AAF1010ADDDC05E017F8010B5A4617993E
:1093800090476D1CB8F10001A8F10108F4DC5B46C0
:109390002146179A0598ABE62D0000002B0000002F
:1093A000200000002DE9F041044600251E46174626
:1093B000880404D405E039462020B0476D1C641EA3
:1093C000F9D52846BDE8F0812DE9F0410446002595
:1093D0001E469046C80301D5302700E020278804A8
:1093E00004D505E041463846B0476D1C641EF9D5EA
:1093F0002846BDE8F0810A68531C0B601070704766
:1094000010B541EC100BFFF76BF851EC100B10BDD1
:1094100082B0CDE9000121F0004001909DED000BEC
:1094200002B051EC100B704700B52DED048B83B0EA
:1094300041EC190BF7F756FA41EC180B18EE100A2D
:1094400018EE901A8DED008B002818BF01200843FC
:1094500020F00040C0F17F6000F1E040C00F14D068
:1094600019EE101A19EE900A8DED009B002918BF15
:109470000121084320F00040C0F17F6000F1E0408E
:10948000C00F04BF0120FFF757FB51EC180B03B0CE
:10949000BDEC048B00BD0000555555555555C53FD5
:1094A0007D6FEB0312D6D4BF5544880E55C1C93F1A
:1094B0003B8F68B52882A4BF88B20175E0EF493FB1
:1094C00009F7FD0DE13D023F4B2D8A1C273A03C0F1
:1094D000C88A599CE52A004059018D1B6C06E6BFDD
:1094E00082922EB1C5B8B33F4FBB610567ACDD3F7B
:1094F000182D4454FB21E93F9BF681D20B73EF3FBB
:10950000182D4454FB21F93FE2652F227F2B7A3C32
:10951000075C143326A6813CBDCBF07A8807703CEB
:10952000075C143326A6913CC4EB98999999C9BF5E
:10953000711623FEC671BCBF6D9A74AFF2B0B3BF93
:109540009AFDDE522DDEADBF2F6C6A2C44B4A2BF53
:109550000D5555555555D53FFF8300922449C23FBF
:109560006E204CC5CD45B73F513DD0A0660DB13FF3
:10957000EB0D76244B7BA93F11DA22E33AAD903F05
:1095800000000000000000002BCA00089909000834
:1095900000000000000000000000000000000000CB
:1095A0000100000036CA0008B10A000800000000EF
:1095B00000000000000000000000000007000000A4
:1095C00084CA0008D50B000800000000000000005D
:1095D0000000000000000000020000008FCA000828
:1095E000E90D00080000000000000000000000007D
:1095F00000000000030000009ACA000801100008E3
:10960000000000000000000000000000000000005A
:1096100004000000A5CA0008611200080000000054
:109620000000000000000000000000000500000035
:10963000B0CA00084114000800000000000000004B
:109640000000000000000000060000000100000013
:109650000100000001000000010000000200000005
:1096600002000000020000000300000001000000F2
:1096700001000000020000000200000002000000E3
:1096800003000000020000000200000002000000D1
:1096900002000000020000000200000002000000C2
:1096A00002000000020000000200000002000000B2
:1096B00002000000030000000100000001000000A3
:1096C0000000000000000000050000000500000090
:1096D0000600000005000000010000000700000077
:1096E0000500000005000000060000000500000065
:1096F000020000000100000005000000050000005D
:109700000600000003000000010000000700000048
:109710000600000004000000040000000300000038
:109720000100000002000000010000000000000035
:109730000000000001000000010000000000000027
:109740000000000000000000000000000100000018
:109750000000000000000000000000000000000009
:1097600000000000010000000100000000000000F7
:1097700000000000010000000100000001000000E6
:1097800000000000000000000100000001000000D7
:1097900001000000010000000100000001000000C5
:1097A00001000000010000000200000002000000B3
:1097B00002000000020000000200000002000000A1
:1097C0000200000003000000020000000200000090
:1097D0000200000002000000020000000200000081
:1097E0000300000002000000020000000200000070
:1097F0000200000002000000020000000300000060
:109800000200000002000000020000000200000050
:10981000020000000200000003000000020000003F
:109820000200000002000000020000000200000030
:10983000020000000300000002000000020000001F
:109840000200000002000000020000000200000010
:109850000300000002000000000000000100000002
:1098600001000000050000000500000006000000E7
:1098700006000000050000000400000004000000D5
:1098800003000000030000000200000002000000CE
:1098900001000000050000000500000004000000B9
:1098A00004000000030000000300000002000000AC
:1098B0000500000005000000040000000400000096
:1098C000030000000300000002000000010000008F
:1098D0000100000005000000050000000600000077
:1098E0000600000005000000040000000400000065
:1098F000030000000300000002000000020000005E
:109900000100000000000000020000000100000053
:109910000100000001000000010000000100000043
:109920000100000001000000010000000100000033
:109930000100000001000000010000000100000023
:109940000100000001000000010000000000000014
:109950000000000000000000000000000100000006
:1099600001000000000000000000000000000000F6
:1099700000000000010000000100000001000000E4
:1099800001000000010000000200000001000000D2
:1099900001000000010000000200000002000000C1
:1099A00000000000010000000200000003000000B1
:1099B00001000000010000000200000003000000A0
:1099C000010000000300000004000000050000008A
:1099D0000500000003000000040000000500000076
:1099E0000500000005000000060000000500000062
:1099F000040000000300000001000000050000005A
:109A00000600000005000000040000000300000044
:109A1000010000000100000005000000010000003E
:109A2000010000000100000005000000010000002E
:109A30000100000000000000010000000100000023
:109A40000100000001000000010000000100000012
:109A50000100000001000000010000000100000002
:109A600001000000010000000100000001000000F2
:109A700001000000010000000100000001000000E2
:109A800001000000010000000100000001000000D2
:109A900001000000010000000100000001000000C2
:109AA00001000000010000000100000001000000B2
:109AB00000000000010000000100000001000000A3
:109AC0000000000001000000010000000100000093
:109AD0000000000000000000000000000000000086
:109AE0000000000000000000000000000000000076
:109AF0000000000000000000010000000000000065
:109B00000000000000000000000000000200000053
:109B10000000000000000000000000000000000045
:109B20000000000000000000010000000000000034
:109B30000000000000000000000000000200000023
:109B40000000000000000000000000000000000015
:109B50000000000000000000000000000000000005
:109B600000000000000000000000000000000000F5
:109B700002000000000000000000000000000000E3
:109B800000000000000000000000000000000000D5
:109B900000000000010000000000000000000000C4
:109BA00002000000000000000000000000000000B3
:109BB00000000000000000000000000001000000A4
:109BC0000000000000000000000000000000000095
:109BD0000200000000000000000000000000000083
:109BE0000000000000000000000000000100000074
:109BF0000000000000000000000000000000000065
:109C00000200000000000000000000000000000052
:109C10000000000000000000000000000000000044
:109C20000000000000000000000000000000000034
:109C30000000000002000000000000000100000021
:109C40000000000000000000000000000100000013
:109C500002000000010000000100000001000000FF
:109C600000000000000000000000000000000000F4
:109C700000000000050000000500000003000000D7
:109C800002000000030000000600000002000000C7
:109C900003000000050000000300000002000000B7
:109CA00002000000050000000500000003000000A5
:109CB0000200000003000000050000000200000098
:109CC0000300000005000000020000000100000089
:109CD000010000000100000002000000030000007D
:109CE0000500000006000000050000000400000060
:109CF0000500000003000000030000000200000057
:109D0000020000000200000001000000020000004C
:109D1000010000000100000002000000010000003E
:109D20000200000003000000050000000300000026
:109D30000300000003000000050000000500000013
:109D40000300000002000000030000000600000005
:109D500002000000030000000500000003000000F6
:109D600002000000020000000500000005000000E5
:109D700003000000020000000300000005000000D6
:109D800002000000030000000500000002000000C7
:109D900001000000010000000100000002000000BE
:109DA00003000000050000000600000005000000A0
:109DB0000400000005000000030000000300000094
:109DC0000200000002000000050000000300000087
:109DD000020000000200000002000000010000007C
:109DE0000100000000000000000000000000000072
:109DF000010000000100000001000000010000005F
:109E0000010000000100000001000000010000004E
:109E1000010000000100000000000000010000003F
:109E2000010000000100000001000000010000002E
:109E3000010000000100000001000000010000001E
:109E4000010000000100000000000000010000000F
:109E500001000000010000000100000001000000FE
:109E600001000000010000000100000001000000EE
:109E700001000000010000000100000001000000DE
:109E800001000000010000000100000001000000CE
:109E900001000000010000000100000001000000BE
:109EA00001000000010000000100000001000000AE
:109EB000010000000100000001000000010000009E
:109EC000010000000100000001000000010000008E
:109ED000010000000100000001000000000000007F
:109EE000010000000100000001000000010000006E
:109EF000010000000100000001000000010000005E
:109F0000010000000100000001000000000000004E
:109F1000010000000100000001000000010000003D
:109F2000010000000100000001000000010000002D
:109F3000010000000100000001000000010000001D
:109F4000010000000100000001000000010000000D
:109F500001000000010000000000000001000000FE
:109F600001000000010000000100000001000000ED
:109F700001000000010000000100000001000000DD
:109F800000000000000000000102030406070809A9
:109F900000000000010203040000000000000000B7
:109FA0000000000000000404040404040004000095
:109FB00000140A0A00000000000000000000141451
:109FC0003F140A3F0A0A000000041E1505060C147F
:109FD000150F0400000012150D0A142C2A1200009F
:109FE0000000040A0A1E15150936000000020201CD
:109FF0000000000000000000002010080808080809
:10A0000008102000000204080808080808040200DC
:10A0100000000004150E0E150400000000000404EA
:10A02000041F040404000000000000000000000001
:10A030000002020100000000001F000000000000FC
:10A0400000000000000000000002000000100808EE
:10A05000080404020202010000000E111111111186
:10A06000110E00000000040604040404040E0000A5
:10A0700000000E1111080402011F000000000E1163
:10A08000100C1010110E00000000080C0A0A091E26
:10A090000818000000001F01010F1010110E000031
:10A0A00000000E09010F1111110E000000001F0920
:10A0B000080404040404000000000E11110E111124
:10A0C000110E000000000E1111111E10120E0000E2
:10A0D0000000000004000000000400000000000078
:10A0E000000400000004040000201008040204081A
:10A0F00010200000000000001F00001F00000000F2
:10A1000000020408102010080402000000000E11D4
:10A11000110804040004000000000E111915151D9B
:10A12000011E0000000004040C0A0A1E1233000085
:10A1300000000F12120E1212120F000000001E116A
:10A1400001010101110E000000000F121212121283
:10A15000120F000000001F120A0E0A02121F000058
:10A1600000001F120A0E0A020207000000001C1263
:10A1700001013911120C000000003312121E1212DC
:10A180001233000000001F0404040404041F000034
:10A1900000003E08080808080809070000003712F8
:10A1A0000A060A0A12370000000007020202020231
:10A1B000223F000000001B1B1B1B1515151500007E
:10A1C00000003B1216161A1A1217000000000E119A
:10A1D00011111111110E000000000F12120E0202D7
:10A1E0000207000000000E1111111117190E1800BE
:10A1F00000000F12120E0A121237000000001E118A
:10A2000001060810110F000000001F1504040404CB
:10A21000040E00000000331212121212120C000081
:10A2200000003312120A0A0C040400000000151585
:10A23000150E0A0A0A0A000000001B0A0A04040A92
:10A240000A1B000000001B0A0A040404040E00009C
:10A2500000001F0908040402121F0000001C04046F
:10A260000404040404041C0000020202040408089C
:10A2700008100000000E08080808080808080E006A
:10A2800000040A00000000000000000000000000C0
:10A29000000000000000003F00040000000000007B
:10A2A0000000000000000000000C121C123C000026
:10A2B00000000302020E1212120E00000000000045
:10A2C000001C1202021C000000001810101C1212C8
:10A2D000123C000000000000000C121E021C0000D6
:10A2E00000003804041E0404041E000000000000E6
:10A2F000003C120C021E221C00000302020E12126D
:10A30000123700000000040000060404040E0000E0
:10A3100000000800000C08080808080700000302F5
:10A32000023A0A0E12370000000007040404040475
:10A33000041F000000000000000F15151515000097
:10A3400000000000000F1212123700000000000091
:10A35000000C1212120C000000000000000F12127C
:10A36000120E020700000000001C1212121C10380E
:10A3700000000000001B06020207000000000000B1
:10A38000001E020C101E000000000004040E040455
:10A390000418000000000000001B1212123C000014
:10A3A000000000000037120A0C040000000000004A
:10A3B0000015150E0A0A000000000000001B0A0428
:10A3C0000A1B0000000000000037120A0C040403FE
:10A3D00000000000001E0804041E00000018080809
:10A3E00008040808080818000808080808080808E9
:10A3F000080808080006040404080404040406000D
:10A40000022518000000000000000000000000000D
:10A410000000000000000000000000000000000834
:10A4200008080808080800001818000000486C24F4
:10A4300012000000000000000000000000000024E6
:10A4400024247F1212127F12121200000000081C36
:10A450002A2A0A0C1828282A2A1C08080000002288
:10A46000251515152A585454542200000000000CDC
:10A470001212120A76252911916E000000060604B8
:10A480000300000000000000000000000040201059
:10A4900010080808080808101020400000020408EE
:10A4A000081010101010100808040200000000002E
:10A4B00008086B1C1C6B080800000000000000006E
:10A4C000080808087F0808080800000000000000CD
:10A4D0000000000000000000060604030000000069
:10A4E00000000000FE00000000000000000000006E
:10A4F0000000000000000000060600000000804090
:10A500004020201010080804040202000000001877
:10A510002442424242424242241800000000000805
:10A520000E08080808080808083E00000000003C63
:10A530004242422020100804427E00000000003CFD
:10A540004242201820404042221C0000000000200F
:10A550003028242422227E20207800000000007E63
:10A560000202021A26404042221C0000000000386D
:10A570002402021A26424242241800000000007EF3
:10A580002222101008080808080800000000003CFB
:10A590004242422418244242423C0000000000187B
:10A5A0002442424264584040241C00000000000045
:10A5B000000018180000000018180000000000003B
:10A5C000000000080000000000080804000000402F
:10A5D00020100804020408102040000000000000C1
:10A5E00000007F0000007F0000000000000000026B
:10A5F0000408102040201008040200000000003C65
:10A600004242464020101000181800000000001CB4
:10A61000225A555555552D42221C000000000008B5
:10A6200008181414243C224242E700000000001FD6
:10A630002222221E22424242221F00000000007CF1
:10A640004242010101010142221C00000000001FE2
:10A650002242424242424242221F00000000003F8A
:10A660004212121E12120242423F00000000003F3E
:10A670004212121E12120202020700000000003CE9
:10A680002222010101712122221C0000000000E7AA
:10A69000424242427E42424242E700000000003E07
:10A6A0000808080808080808083E00000000007CA8
:10A6B00010101010101010101010110F0000007763
:10A6C00022120A0E0A12122222770000000000074E
:10A6D0000202020202020202427F00000000007732
:10A6E000363636362A2A2A2A2A6B0000000000E372
:10A6F00046464A4A52525262624700000000001C1D
:10A700002241414141414141221C00000000003FE3
:10A71000424242423E020202020700000000001CC8
:10A720002241414141414D53321C60000000003F35
:10A730004242423E1212222242C700000000007C28
:10A740004242020418204042423E00000000007FC6
:10A750004908080808080808081C0000000000E76D
:10A760004242424242424242423C0000000000E774
:10A770004242222424141418080800000000006B30
:10A78000494949495555362222220000000000E778
:10A79000422424181818242442E7000000000077FF
:10A7A0002222141408080808081C00000000007E7B
:10A7B0002120101008040442423F000000780808DD
:10A7C00008080808080808080808780000000202BD
:10A7D000040408080810102020204040001E10101B
:10A7E000101010101010101010101E00003844002F
:10A7F0000000000000000000000000000000000059
:10A800000000000000000000000000FF000608003B
:10A810000000000000000000000000000000000038
:10A820000000003C4278444242FC0000000000036B
:10A830000202021A26424242261A000000000000CC
:10A8400000000038440202024438000000000060AA
:10A85000404040784442424264D80000000000007A
:10A860000000003C427E0202423C0000000000F07A
:10A870008808087E08080808083E0000000000005C
:10A880000000007C22221C023C42423C00000003EB
:10A890000202023A4642424242E700000000000C37
:10A8A0000C00000E08080808083E000000000030F8
:10A8B00030000038202020202020221E000000032D
:10A8C00002020272120A1612227700000000000E25
:10A8D0000808080808080808083E000000000000F2
:10A8E0000000007F9292929292B700000000000058
:10A8F0000000003B4642424242E7000000000000E8
:10A900000000003C42424242423C00000000000085
:10A910000000001B26424242221E020700000000E7
:10A920000000007844424242447840E000000000C9
:10A93000000000774C040404041F00000000000025
:10A940000000007C42023C40423E0000000000004B
:10A950000008083E08080808083000000000000051
:10A96000000000634242424262DC0000000000003E
:10A97000000000E742242414080800000000000042
:10A98000000000EB4949555522220000000000005C
:10A990000000007624181818246E00000000000043
:10A9A000000000E7422424141808080700000000F3
:10A9B0000000007E22100808447E000000C0202015
:10A9C00020202010202020202020C0001010101057
:10A9D00010101010101010101010101000060808A1
:10A9E0000808081008080808080806000C32C20009
:10A9F0000000000000000000000000000200000055
:10AA0000040000000800000010000000FDFFFFFF30
:10AA1000FBFFFFFFF7FFFFFFEFFFFFFFC82E002E3A
:10AA2000802E3DB1C82E002E802E9103802EBCB00A
:10AA3000802EA303C82E002E802E00B05030212E71
:10AA400059F51030212E6AF5802E3B0300000000DE
:10AA5000081901002200750000100010D100B34356
:10AA6000802E00C1802E00C1802E00C1802E00C12A
:10AA7000802E00C1802E00C1802E00C1802E00C11A
:10AA8000802E00C1802E00C1802E00C1802E00C10A
:10AA9000802E00C1802E00C1802E00C1802E00C1FA
:10AAA000802E00C1802E00C1802E00C1802E00C1EA
:10AAB000802E00C1802E00C1802E00C1802E00C1DA
:10AAC000802E00C1802E00C1802E00C1802E00C1CA
:10AAD000802E00C1802E00C1802E00C1802E00C1BA
:10AAE000802E00C1802E00C1802E00C1802E00C1AA
:10AAF000802E00C1802E00C1802E00C1802E00C19A
:10AB0000802E00C1802E00C1E05F00000000010027
:10AB100000000000000000000000920000000000A3
:10AB20000000000000000000000000000819000004
:10AB3000880000000000000005E0AA3805E0903021
:10AB4000FA0096004B091100110002002D01D47B80
:10AB50003B01DB7A04003F7BCD6CC3048509C30451
:10AB6000ECE60C460100270019009600A000010049
:10AB70000C00F03C00010100030001000E00000089
:10AB800032000500EE060400C80000000400A8051D
:10AB9000EE060004BC02B3008507000000000000C0
:10ABA0000000000000000000000000000000B400F1
:10ABB0000100B90001009800000000000000000042
:10ABC0000100800004000000000000000000000000
:10ABD0000000000000000000000000000000000075
:10ABE0000000000000000000000000000000000065
:10ABF0000000000000000000000000000000000055
:10AC00000000000000000000000000000000000044
:10AC1000000000000000802E00C1FD2DDE00EB00D2
:10AC2000DA00000CFF0F0004C0005BF5C9011EF242
:10AC300080003FFF19F458F566F564F5C0F1F000A7
:10AC4000E000CD01D301DB01FF7FFF01E40074F7D9
:10AC5000F300FA00FF3FCA036C3856FE44FDBC0205
:10AC6000F90600FC1202AE0158FA9AFD7705BB0204
:10AC7000960195017F0182018901870188018A017E
:10AC80008C018F018D0192019101DD009F017E01F8
:10AC9000DB00B601706926D39C071F059D000008E4
:10ACA000BC0537FAA201AA01A101A801A001A805CB
:10ACB000B401B401CE00D000FC00C501FFFBB1001F
:10ACC00000380030FDF5FCF5CD01A0005FFF00402D
:10ACD000FF0000806D0FEB007FFFC2F568F7B3F156
:10ACE000670F5B0F610F800F58F75BF7830F8600CC
:10ACF000720F850FC6F17F0F6CF700E000FFD1F5F2
:10AD0000870F8A0FFF03F03F8B008E009000B90081
:10AD10002DF5CAF5CB0120F2000000000000000074
:10AD20000000000000000000000000000000000023
:10AD30000000000000000000000000000000000013
:10AD40000000000000000000000000000000000003
:10AD500000000000000000000000000000000000F3
:10AD600000000000000000000000000000000000E3
:10AD700000000000000000000000000000000000D3
:10AD800000000000000000000000000000000000C3
:10AD900000000000000000000000000000000000B3
:10ADA00000000000000000000000000000000000A3
:10ADB0000000000000000000000000000000000093
:10ADC0000000000000000000000000000000000083
:10ADD0000000000000000000000000000000000073
:10ADE0000000000000000000000000000000000063
:10ADF000000000003050982ED70E5032982EFA03E3
:10AE00000030F07F002E002ED02E002E018008A2F0
:10AE1000FB2F982EBA03212E1900012EEE0000B24E
:10AE2000072F012E190000B2032F01500352982E54
:10AE300007CC012EDD0000B2272F052E8A00055217
:10AE4000982EC7C1032EE90040B2F07F082F012ED3
:10AE5000190000B2042F0030212EE900982EB4B161
:10AE6000012E180000B2102F0550982E4DC305502A
:10AE7000982E5AC7982EF9B4982E54B2982E67B6C9
:10AE8000982E17B21030212E7700012EEF0000B25D
:10AE9000042F982E7AB70030212EEF00012ED40017
:10AEA00004AE0B2F012EDD0000B2072F0552982EA5
:10AEB0008E0E00B2022F1030212E7D00012E7D005B
:10AEC0000090902EF102012ED70000B2042F982E90
:10AED0002F0E0030212E7B00012E7B0000B2122F9E
:10AEE000012ED4000090022F982E1F0E092D982EAF
:10AEF000810D012ED4000490022F5032982EFA03B7
:10AF00000030212E7B00012E7C0000B2902E090320
:10AF1000012E7C000131010800B2042F982E47CB8E
:10AF20001030212E77008130012E7C00010800B204
:10AF3000612F032E8900012ED40098BC98B805B269
:10AF40000F58232F079009540030372F1541044123
:10AF5000DCBE44BEDCBA2C0161000F564A0F0C2F38
:10AF6000D14294B8C1421130052E6AF72CBD2FB9D9
:10AF700080B20822982EC3B7212D6130232ED40031
:10AF8000982EC3B70030212E5AF5182DE17F50308E
:10AF9000982EFA030F520750504270300D5442421F
:10AFA0007E82E26F80B24242052F212ED400103003
:10AFB000982EC3B7032D6030212ED400012ED4006B
:10AFC0000690182F012E76000B540752E07F982E22
:10AFD0007AC1E16F081A4030082F212ED4002030AA
:10AFE000982EAFB75032982EFA03052D982E380EB2
:10AFF0000030212ED4000030212E7C00182D012E8F
:10B00000D40003AA012F982E450E012ED4003F80B4
:10B0100003A2012F002E022D982E5B0E3030982EA9
:10B02000CEB70030212E7D005032982EFA03012E2B
:10B03000770000B2242F982EF5CB032ED5001154A3
:10B04000010ABC848386212EC901E0401352C4400A
:10B050008240A8B9524243BE5342040A5042E17FA3
:10B06000F0314140F26F25BD0808020AD07F982ECA
:10B07000A8CF06BCD16FE26F080A8042982E58B75D
:10B080000030212EEE00212E7700212EDD00802EB3
:10B09000F4011A242200802EEC011050FB7F982E20
:10B0A000F3035750FB6F013071541142420EFC2FD5
:10B0B000C02E0142F05F802E00C1FD2D0100000076
:10B0C00000000000000000009A01340300000000AE
:10B0D0000000000000000000000000000000000070
:10B0E0000000000000000000000000000000000060
:10B0F0000000000000000000000000000000000050
:10B10000000000000000000000000000000000003F
:10B11000000000000000000000000000000000002F
:10B12000000000000000000000000000000000001F
:10B13000000000000000000000000000000020509F
:10B14000E77FF67F06320F2E61F5FE09C0B3042FAC
:10B1500017302F2EEF002D2E61F5F66FE76FE05FB1
:10B16000C82E2050E77FF67F46300F2EA4F1BE098F
:10B1700080B3062F0D2ED40084AF022F16302D2E53
:10B180007B0086302D2E60F5F66FE76FE05FC82EEE
:10B19000012E77F709BC0FB800B21050FB7F1030BA
:10B1A0000B2F032E8A0096BC9FB840B2052F032EAA
:10B1B00068F79EBC9FB840B2072F032E7E004190D7
:10B1C000012F982EDC03032C0030212E7E00FB6F14
:10B1D000F05FB82E2050E07FFB7F002E2750982E86
:10B1E0003BC82950982EA7C80150982E55CCE16F26
:10B1F0002B50982EE0C9FB6F0030E05F212E7E00BF
:10B20000B82E7350013057541142420EFC2FB82E05
:10B21000212E59F51030C02E212E4AF19050F77F83
:10B22000E67FD57FC47FB37FA17F907F827F7B7FC6
:10B23000982E35B700B2902E97B0032E8F00072EB0
:10B240009100052EB1003FBA9FB8012EB100A3BDF9
:10B250004C0A052EB10004BEBFB9CB0A4FBA22BDBD
:10B26000012EB300DC0A2FB9032EB8000ABE9A0AD9
:10B27000CFB99BBC012E97009FB8930A0FBC910ACF
:10B280000FB8900A252E1800052EC1F52EBD2EB937
:10B29000012E190031308A040090072F012ED400AE
:10B2A00004A2032F012E180000B20C2F19500552D2
:10B2B000982E4DB7052E780080901030012F212E4A
:10B2C0007800252EDD00982E3EB700B20230013006
:10B2D000042F012E190000B2002F2130012EEA00A8
:10B2E000081A0E2F232EEA0033301B500B090140A1
:10B2F000175646BE4B084C0A01420A8015520142BD
:10B30000002E012E180000B21F2F032EC0F5F030C2
:10B31000480847AA7430072E7A0061224B1A052F7D
:10B32000072E66F5BFBDBFB9C0900B2F1D562B3041
:10B33000D242DB420104C24204BDFE808184232E3E
:10B340007A0002420232252E62F5052ED600818453
:10B35000252ED6000231252E60F5052E8A000B50D1
:10B36000900880B20B2F052ECAF5F03E9008252ECE
:10B37000CAF5052E59F5E03F9008252E59F5906F36
:10B38000A16FB36FC46FD56FE66FF76F7B6F826F7E
:10B39000705FC82EC050907FE57FD47FC37FB17FA0
:10B3A000A27F877FF67F7B7F002E012E60F5607F76
:10B3B000982E35B70230636F1552507F627F5A2C3A
:10B3C00002321A0900B3142F00B2032F092E1800FD
:10B3D00000910C2F437F982E97B71F50028A02329C
:10B3E0000430252E64F51552506F436F4443252ECB
:10B3F00060F5D908C0B2362F982E3EB700B2062F9E
:10B40000012E190000B2022F506F00900A2F012E5A
:10B4100079000090192F1030212E79000030982EDD
:10B42000DC03132D012EC3F50CBC0FB81230100431
:10B4300003B0262521500352982E4DB71030212EEF
:10B44000EE000230607F252E7900606F0090052F9E
:10B450000030212EEA001550212E64F51552232EBE
:10B4600060F50232506F0090022F0330272E7800D3
:10B47000072E60F51A090091A32F19090091A02F3A
:10B48000906FA26FB16FC36FD46FE56F7B6FF66F74
:10B49000876F405FC82EC050E77FF67F26300F2EA3
:10B4A00061F52F2E7C000F2E7C00BE09A27F807FCD
:10B4B00080B3D57FC47FB37F917F7B7F0B2F2350D9
:10B4C0001A251240427F74821240527F002E0040A3
:10B4D000607F982E6AD68130012E7C00010800B270
:10B4E000422F032E8900012E890097BC06BC9FB80D
:10B4F0000FB80090232ED800103001302A2F032ED1
:10B50000D40044B2052F47B200302D2F212E7C00ED
:10B510002B2D032EFDF59EBC9FB84090142F032EBB
:10B52000FCF599BC9FB840900E2F032E49F125548D
:10B530004A084090082F982E35B700B21030032FDC
:10B540005030212ED400102D982EAFB70030212E70
:10B550007C000A2D052E69F72DBD2FB980B2012F71
:10B56000212E7D00232E7C00E031212E61F5F66F27
:10B57000E76F806FA26FB36FC46FD56F7B6F916FF2
:10B58000405FC82E60510A253688F47FEB7F003279
:10B59000315232301330982E15CB0A253384D27FA6
:10B5A000433005502D52982E95C1D26F2752982EB8
:10B5B000D7C72A25B086C07FD37FAF842950F16FCB
:10B5C000982E4DC82A25AE8AAA88F26E2B50C16FDC
:10B5D000D36FF47F982EB6C8E06E00B2322F33548A
:10B5E0008386F16FC37F04303030F47FD07FB27F29
:10B5F000E330C56F56404541280803140EB408BC1B
:10B600008240100A2F542605917F4428A37F982E4C
:10B61000D9C008B933305309C16FD36FF46F8317A2
:10B6200047406C15B26FBE09750B90424542510EF2
:10B6300032BC0289A16F7E86F47FD07FB27F043056
:10B64000916FD62FEB6FA05EB82E032E97001BBC18
:10B6500060509FBC0CB8F07F40B2EB7F2B2F032EC5
:10B660007F004140012EC800011A112F3758232EA8
:10B67000C8001041A07F38810141D07FB17F982E52
:10B6800064CFD06F0780A16F1142002EB16F0142CD
:10B690001130012EFC0000A80330CB224A25012ED8
:10B6A0007F003C8935520554982EC4CEC16FF06F8F
:10B6B000982E95CF042D0130F06F982E95CFEB6F1B
:10B6C000A05FB82E032EB3000232F03003313050A9
:10B6D0008A080808CB08E07F80B2F37FDB7F252F44
:10B6E000032ECA004190042F0130232ECA00982E49
:10B6F0003F03C0B2052F032EDA0000304104232E91
:10B70000DA00982E92B21025F06F00B2052F012EAC
:10B71000DA0002301004212EDA0040B2012F232E6D
:10B72000C801DB6FE06FD05F802E95CF0130E06FF6
:10B73000982E95CF1130232ECA00DB6FD05FB82E24
:10B74000D0500A2533845550D27FE27F038CC07FCE
:10B75000BB7F0030055A39545141A57F967F807FC9
:10B76000982ED9C00530F57F2025916F3B583D5C60
:10B770003B56982E67CCC16FD56F52405043C17F66
:10B78000D57F1025982EFEC91025982E74C0866F7F
:10B790003028926F828CA56F6F52690E3954DB2F5F
:10B7A00019A01530032F0030212E81010A2D012E02
:10B7B000810105284236212E8101020E012F982E8B
:10B7C000F303575012300140982EFEC9516F0B5CA5
:10B7D0008E0E3B6F57580230212E9501456F2A8DF2
:10B7E000D27FCB7F132F02303F50D27FA80E0E2F77
:10B7F000C06F535402005154420E1030595202305F
:10B80000012F002E032D504242421230D27F80B2CF
:10B81000032F0030212E8001122D012EC90002803D
:10B82000052E8001113091280040252E8001100E38
:10B83000052F012E7F010190012F982EF303002E7A
:10B84000A0410190A67F902EE3B4012E950100A89F
:10B85000902EE3B45B549580824080B202402D8CE0
:10B860003F52967F902EC2B3290E762F012EC9002B
:10B87000004081284552B330982E0FCA5D54807F16
:10B88000002EA140727F82808240607F982EFEC988
:10B890001025982E74C0626F05308740C091043027
:10B8A000052F052E830180B21430002F0430052EA1
:10B8B000C900736F8140E2406904110FE140163006
:10B8C000FE29CB40022F836F830F222F4756130F81
:10B8D0001230772F4954420E1230732F00910A2FE5
:10B8E000012E8B0119A802306C2F6350002E1742D5
:10B8F0000542682C12300B25080F5030022F212EE4
:10B900008301032D4030212E83012B2E85015A2CDB
:10B91000123000912B25042F635002301742172C50
:10B920000242982EFEC91025982E74C0052EC9001B
:10B9300081845B308240372E8301020E072F5F52D5
:10B94000403062404140910E012F212E830105308D
:10B950002B2E85011230362C16301525817F982E1E
:10B96000FEC91025982E74C019A21630152F052E69
:10B970009701806F820E052F012E86010628212E49
:10B9800086010B2D032E87015F544E289142002E15
:10B990008240900E012F212E88010230132C053099
:10B9A000C06F081CA80F163005305B50092F0280AD
:10B9B0002D2E820105420580002E02423E80002E7F
:10B9C00006420230906F3E88014004414C280142FB
:10B9D000078010252440004000A8F5222329444276
:10B9E0007A827E884340044100ABF523DF2843423E
:10B9F000D9A0142F0090022FD26F81B2052F63546B
:10BA0000062890428542092C02305B500380292E83
:10BA10007E012B2E8201054212302B2E830145829E
:10BA2000002E40407A8202A0082F63503B3015421E
:10BA300005423780372E7E0105421230012EC900A3
:10BA4000028C404084417A8C040F032F012E8B011D
:10BA500019A4042F2B2E8201982EF303123081900B
:10BA60006152082F654265424380398482880542CD
:10BA7000454285420543002E80410090902EE1B45E
:10BA80006554C16F804000B243586950442F555CE3
:10BA9000B7878C0F0D2E9601C440362F41568B0E62
:10BAA0002A2F0B52A10E0A2F052E8F011425982E36
:10BAB000FEC94B54020F695005306554152F032EF3
:10BAC0008E014D5C8E0F3A2F052E8F01982EFEC9E8
:10BAD0004F54820F053069506554302F6D52153028
:10BAE000428C454204302B2C84436B52428C002EF6
:10BAF00085431530242C45428E0F202F0D2E8E01AC
:10BB0000B10E1C2F232E8E011A2D0E0E172FA10FF2
:10BB1000152F232E8D01132D982E74C04354C20E61
:10BB20000A2F655004800B3006820B427980414019
:10BB30001230252E8C0101420530695065548482F3
:10BB40004384BE8C8440864126299442BE8ED57F94
:10BB500019A143400B2E8C018440C7415D29272940
:10BB600045428442C27F012FC0B31D2F052E940190
:10BB700099A0012F80B3132F80B3182FC0B3162FB5
:10BB800012400140927F982E74C0926F100F2030A7
:10BB9000032F1030212E7E010A2D212E7E01072D2C
:10BBA0002030212E7E01032D1030212E7E01C26F08
:10BBB000012EC900BC84028082400040900ED56FE7
:10BBC000022F1530982EF30341910530072F67504F
:10BBD0003D802B2E8F0105420480002E0542022C51
:10BBE00000300030A26F988A864080A7052F982EDB
:10BBF000F303C030212E950106251A25E26F7682C7
:10BC000096405643510EFB2FBB6F305FB82E012E6E
:10BC1000B8000131410840B22050F2300208FB7FE9
:10BC20000130102F052ECC008190E07F032F232EB2
:10BC3000CC00982E55B6982E1DB51025FB6FE06FE1
:10BC4000E05F802E95CF982E95CF1030212ECC001E
:10BC5000FB6FE05FB82E00510558EB7F2A25895213
:10BC60006F5A895013410640B3011642CB16064065
:10BC7000F3021342650EF52F054014302C290442BF
:10BC800008A10030902E52B6B388B08AB684A47F43
:10BC9000C47FB57FD57F927F7330043055404240DA
:10BCA0008A17F3086B01900253B84B82ADBE717FC7
:10BCB000450A0954847F982ED9C0A36F7B54D04283
:10BCC000A37FF27F607F2025716F755A7758795C6A
:10BCD0007556982E67CCB16F626F5042B17FB3300A
:10BCE0001025982E0FCA846F2029716F926FA56F4F
:10BCF00076826A0E73300030D02FD26FD17FB47F3E
:10BD0000982E2BB715BD0BB8020AC26FC07F982EB4
:10BD10002BB715BD0BB8420AC06F0817411889161A
:10BD2000E118D018A17F27251625982E79C08B54AD
:10BD3000907FB330824080900D2F7D52926F982E6D
:10BD40000FCAB26F900E062F8B501430426F516F96
:10BD5000144212420142002E316F982E74C0416F7E
:10BD6000807F982E74C0826F10044352010F052EFD
:10BD7000CB0000300430212F516F43588C0E04301B
:10BD80001C2F8588416F04418C0F0430162F848846
:10BD9000002E044104058C0E04300F2F8288316F71
:10BDA000044104058C0E0430082F8388002E0441C2
:10BDB0008C0F0430022F212EAD0114300091142F6E
:10BDC000032EA10141900E2F032EAD0114304C28FB
:10BDD000232EAD0146A0062F81848D5248828240D9
:10BDE000212EA10142425C2C0230052EAA0180B214
:10BDF0000230552F032EA901926FB330982E0FCA2F
:10BE0000B26F900F003002304A2FA26F875291001C
:10BE10008552510E022F002E432C0230C26F7F52EA
:10BE2000910E02303C2F516F8154982EFEC910257F
:10BE3000B3302125982E0FCA326FC07FB330122540
:10BE4000982E0FCA426FB07FB3301225982E0FCABA
:10BE5000B26F90288352982EFEC9C26F900F0030A7
:10BE600002301D2F052EA10180B212300F2F426F1C
:10BE7000032EAB01910E0230122F526F032EAC0134
:10BE8000910F02300C2F212EAA010A2C1230032E02
:10BE9000CB008D580889414011430043252EA10154
:10BEA000D46F8F5200433A89002E10431043610E25
:10BEB000FB2F032EA001111A022F0225212EA00113
:10BEC000EB6F005FB82E91521030023095565242FF
:10BED0004B0EFC2F8D548882935680425342404231
:10BEE00042868354C02EC242002EA35200515240BB
:10BEF00047401A25012E97008FBE7286FB7F0B30BC
:10BF00007CBFA5501008DFBA7088F8BFCB42D37F42
:10BF10006CBBFCBBC50A907F1B7F0B43C0B2E57FA7
:10BF2000B77FA67FC47F902E1CB7072ED200C0B269
:10BF30000B2F9752012ECD00827F982EBBCC0B3059
:10BF4000372ED200826F906F1A2500B28B7F142F8C
:10BF5000A6BD25BDB6B92FB980B2D4B00C2F995467
:10BF60009B560B300B2EB100A1589B42DB426C0953
:10BF70002B2EB1008B42CB42867F7384A756C30819
:10BF800039520550727F637F982EC2C0E16F626F95
:10BF9000D10A012ECD00D56FC46F726F97529D5C90
:10BFA000982E06CD236F906F9952C0B204BD5440B5
:10BFB000AFB94540E17F0230062FC0B20230032FF7
:10BFC0009B5C12309443854303BF6FBB80B3202F2B
:10BFD000066F2601166F6E034542C090292ECE00D3
:10BFE0009B52142F9B5C002E93418641E304AE07C5
:10BFF00080AB042F80910A2F866F730F072F836FFA
:10C00000C0B2042F544245421230042C1130022C8D
:10C010001130113002BC0FB8D27F00B20A2F012EAE
:10C02000FC00052EC701101A022F212EC701032D77
:10C03000022C01300130B06F982E95CFD16FA06FD8
:10C04000982E95CFE26F9F52012ECE008240504233
:10C050000C2C42421130232ED2000130B06F982EAA
:10C0600095CFA06F0130982E95CF002EFB6F005F0B
:10C07000B82E838601300030944024180600530EF9
:10C080004F02F92FB82EA952002E604041400DBC3E
:10C0900098BCC02E010A0FB8AB52533C52404040EE
:10C0A0004B00821626B901B84140100897B8010824
:10C0B000C02E11300108438625400440D8BE2C0B09
:10C0C0002211544203804B0EF62FB82E9F50105071
:10C0D000AD52052ED300FB7F002E13409342410E3C
:10C0E000FB2F982EA5B7982E87CF012ED90000B22E
:10C0F000FB6F0B2F012E69F7B13F01080130F05F94
:10C10000232ED900212E69F7802E7AB7F05FB82E42
:10C11000012EC0F8032EFCF51554AF5682080B2EE5
:10C1200069F7CB0AB1588090DDBE4C085FB959223F
:10C130008090072F0334C308F23A0A080235C090F2
:10C140004A0A4822C02E232EFCF51050FB7F982E61
:10C1500056C7982E49C31030FB6FF05F212ECC00DC
:10C16000212ECA00B82E032ED30016B802344A0C72
:10C17000212E2DF5C02E232ED30003BC212ED50059
:10C18000032ED50040B21030212E77000130052F4C
:10C19000052ED8008090012F232E6FF5C02E212E62
:10C1A000D90011308108012E6AF7713F23BD0108C3
:10C1B000020AC02E212E6AF730250030212E5AF5B2
:10C1C0001050212E7B00212E7C00FB7F982EC3B7C0
:10C1D0004030212ED400FB6FF05F0325802EAFB7D7
:10C1E000802E00C1802E00C1802E00C1802E00C193
:10C1F000802E00C1802E00C1802E00C1802E00C183
:10C20000802E00C1802E00C1802E00C1802E00C172
:10C21000802E00C1802E00C1802E00C1012E5DF74E
:10C2200008BC80AC0EBB022F003041048206C0A4C3
:10C230000030112F40A9032F40910D2F00A70B2F85
:10C2400080B3B358022F90A1261320238090103082
:10C25000012FCC0E002F0030B82EB550180808BCA6
:10C2600088B60D17C6BD56BCB758DABA04011D0A08
:10C270001050053032254503FB7FF6302125982EDE
:10C2800037CA16B59ABC06B880A8410A0E2F80900E
:10C29000022F2D50480F092FBFA0042FBF90062F4B
:10C2A000B754CA0F032F002E022CB7522D52F2336F
:10C2B000982ED9C0FB6FF137C02E0108F05FBF5632
:10C2C000B954D040C4400B2EFDF3BF52904294426B
:10C2D00095420530C1500F88064004419642C54240
:10C2E00048BE73300D2ED8004FBA8442034281B34A
:10C2F000022F2B2E6FF5062D052E77F7BD569308CE
:10C30000252E77F7BB54252EC2F5072EFDF34230BC
:10C31000B433DA0A4C00272EFDF34340D43FDC0847
:10C320004342002E002E43402430DC0A4342048066
:10C33000032EFDF34A0A232EFDF36134C02E014281
:10C34000002E60501A257A86E07FF37F0325C352C2
:10C350004184DB7F3330982E16C21A257D82F06F20
:10C36000E26F322516409440260185408E17C44264
:10C370006E039542410EF42FDB6FA05FB82EB051D3
:10C38000FB7F982EE80D5A25982E0F0ECB5832873A
:10C39000C47F65896B8DC55A657FE17F837FA67FEA
:10C3A000747FD07FB67F947F1730C752C954517FB6
:10C3B000002E856F427F002E51414581424113403E
:10C3C0003B8A00404B04D006C0AC857F022F023070
:10C3D0005104D306418405305D02C916DF08D3003D
:10C3E0008D02AFBCB1B9590A656F1143A1B4524176
:10C3F00053410143347F657F2631E56FD46F982E1A
:10C4000037CA326F756F83404241237F127FF63007
:10C4100040255125982E37CA146F2005706F256F5F
:10C420006907A26F316F0B3004429B428B42554229
:10C43000327F40A9C36F717F0230D040C37F032F8A
:10C440004091152F00A7132F00A4112F84BD982E03
:10C4500079CA556FB75454418200F33F4541CB022E
:10C46000F630982E37CA356FA46F4143032C004332
:10C47000A46F356F1730426F516F93404282004175
:10C48000C3000343517F002E944041414C02C46FCE
:10C49000D156630E746F5143A57F8A2F092ED800A1
:10C4A00001B3212FCB58906F1341B66FE47F002E5C
:10C4B0009141144092411540172E6FF5B67FD07F01
:10C4C000CB7F982E000C0715C26F140B292E6FF529
:10C4D000C3A3C18FE46FD06FE62F1430052E6FF524
:10C4E000140B292E6FF5182DCD560432B56F1C0193
:10C4F00051415241C340B57FE47F982E1F0CE46F39
:10C50000218700430432CF545A0EEF2F1554092EC1
:10C5100077F7220B292E77F7FB6F505EB82E10505D
:10C52000012ED40000B2FB7F512F01B2482F02B27E
:10C53000422F0390562FD752798042408184004089
:10C540004242982E930CD954D750A14098BD8240B6
:10C550003E82DA0A44408B16E3005342002E4340E9
:10C560009A025242002E414015544A0E3A2F3A8206
:10C5700000304140212E850F40B20A2F982EB10C79
:10C58000982E450E982E5B0EFB6FF05F0030802ECC
:10C59000CEB7DD52D35442424F847330DB528342D4
:10C5A0001B306B422330272ED700372ED400212E8C
:10C5B000D6007A84172C42423030212ED400122D1E
:10C5C00021300030232ED400212E7BF70B2D173085
:10C5D000982E510CD5500C8272302F2ED400252E5F
:10C5E0007BF74042002EFB6FF05FB82E70500A259B
:10C5F0003986FB7FE1326230982EC2C4B556A56FF2
:10C60000AB08916F4B08DF56C46F23094DBA93BC3A
:10C610008C0BD16F0B09CB52E15E5642AF094DBA7C
:10C6200023BD940AE56F68BBEB08BDB963BEFB6F21
:10C630005242E30AC02E4342905FD150032E25F3AD
:10C64000134000409BBC9BB408BDB8B998BCDA0A43
:10C6500008B68916C02E190062021050FB7F982E72
:10C66000810D012ED40031300804FB6F0130F05FE2
:10C67000232ED600212ED700B82E012ED700032E50
:10C68000D600480E012F802E1F0EB82EE350213405
:10C6900001428230C132252E62F501002230014074
:10C6A0004A0A0142B82EE354F03B8340D808E552D1
:10C6B0008342003083305042C432272E64F5940008
:10C6C00050424042D33F84407D82E308404283424F
:10C6D000B82EDD52003040427C86B952092E700FD0
:10C6E000BF54C442D3865440554094428542212EC3
:10C6F000D7004240252EFDF3C0427E82052E7D00EC
:10C7000080B2142F052E890027BD2FB98090022FEB
:10C71000212E6FF50C2D072E710F14301C09052EDC
:10C7200077F7BD5647BE9308940A252E77F7E7544E
:10C7300050424A0EFC2FB82E505002304386E5502E
:10C74000FB7FE37FD27FC07FB17F002E414000405E
:10C750004804982E74C01EAAD36F1430B16FE32220
:10C76000C06F5240E46F4C0E1242D37FEB2F032E6A
:10C77000860F40901130032F232E860F022C00309D
:10C78000D06FFB6FB05FB82E4050F17F0A253C861A
:10C79000EB7F41332230982EC2C4D36FF430DC09D2
:10C7A0004758C26F9409EB586ABBDC08B4B9B1BDF5
:10C7B000E95A950821BDF6BF770B51BEF16FEB6FBB
:10C7C00052425442C02E4342C05F5050F550313067
:10C7D0001142FB7F7B300B42113002802333014238
:10C7E0000300072E8003052ED3002352E27FD37F60
:10C7F000C07F982EB60ED16F080A1A257B86D07F8F
:10C8000001331230982EC2C4D16F080A00B20D2F26
:10C81000E36F012E80035130C786232E21F208BC1E
:10C82000C042982EA5B7002E002ED02EB06F0BB8A8
:10C83000032E1B00081AB07F7030042F212E21F226
:10C84000002E002ED02E982E6DC0982E5DC0ED507B
:10C85000982E44CBEF50982E46C3F150982E53C7D4
:10C860003550982E64CF1030982EDC032026C06FF0
:10C8700002311242AB330B42378001300142F337B1
:10C88000F752FB504440A20A42428B31092E5EF718
:10C89000F954E30883421B4223334B00BC840B4012
:10C8A000333083420B42E07FD17F982E58B7D16F4F
:10C8B000803040420330E06FF3540430002E002EED
:10C8C0000189620EFA2F43421130FB6FC02E0142E4
:10C8D000B05FC14A00006D570000778E0000E0FF96
:10C8E000FFFFD3FFFFFFE5FFFFFFEEE1FFFF7C133C
:10C8F000000046E6FFFF000000000000000000000E
:10C900000000000000000000000000000000000027
:10C910000000000000000000000000000000000017
:10C920000000000000000000000000000000000007
:10C93000802E00C1802E00C1802E00C1802E00C13B
:10C94000802E00C1802E00C1802E00C1802E00C12B
:10C95000802E00C1802E00C1802E00C1802E00C11B
:10C96000802E00C1802E00C1802E00C1802E00C10B
:10C97000802E00C1802E00C1802E00C1802E00C1FB
:10C98000802E00C1802E00C1802E00C1802E00C1EB
:10C99000802E00C1802E00C1802E00C1802E00C1DB
:10C9A000802E00C1802E00C1802E00C1802E00C1CB
:10C9B000802E00C1802E00C1802E00C1802E00C1BB
:10C9C000802E00C1802E00C1802E00C1802E00C1AB
:10C9D000802E00C1802E00C1802E00C1802E00C19B
:10C9E000802E00C1802E00C1802E00C1802E00C18B
:10C9F000802E00C1802E00C1802E00C1802E00C17B
:10CA0000802E00C1802E00C1802E00C1802E00C16A
:10CA1000802E00C1802E00C1802E00C12020202049
:10CA2000256420202020202020200046756E63747D
:10CA3000696F6E20310046756E6374696F6E2031C8
:10CA40005F310046756E6374696F6E20325F31002E
:10CA500046756E6374696F6E20335F310046756E84
:10CA60006374696F6E20345F310046756E6374695C
:10CA70006F6E20355F310046756E6374696F6E208E
:10CA8000365F310046756E6374696F6E2032004602
:10CA9000756E6374696F6E20330046756E637469DA
:10CAA0006F6E20340046756E6374696F6E203500BA
:10CAB00046756E6374696F6E203600C9EE000027FC
:10CAC000FC140414A4811042084040104017FC20BC
:10CAD00040E0E0215022482C4620400040DBDA11A3
:10CAE000041124112411241124FD241124112411D2
:10CAF00024112411241D24E124422402040404CA24
:10CB0000D00200010000007FFC0100010001003F95
:10CB1000F8210821082108210821282110010001FD
:10CB200000C8AB000000000180024004301808601B
:10CB3000061FF90100010001003FF801000100019A
:10CB4000007FFEB6AF0000000000203E20007C0009
:10CB50002200227F2210221022122212222242239D
:10CB6000423D82009CB5E70000010001001FF0611A
:10CB70000C410441047FFC4104410441047FFC0159
:10CB8000000102010201FCD7D3000000003FF800C1
:10CB90001000600080010000807FFE004000400027
:10CBA000200020002018400780BCBC10201020105E
:10CBB0002013FEFC201020102015FC18843088D093
:10CBC0004810501020105051882606CAF501000167
:10CBD00020011001107FFC03800540054009201151
:10CBE00010210841048102010001000100D3D0029C
:10CBF000000200FFFE040004000FF0081018102FC0
:10CC0000F0481088100FF00810081008500820CFC6
:10CC1000DE00007BF84A08520853F8620852084BBD
:10CC2000F84A444A486A3052204210428843064239
:10CC300000B9AB0080048004800840084010202028
:10CC4000104208820604000440082010203FF01023
:10CC5000100000CBBE00003FF8000800087FE8008D
:10CC60000800081F8810881088108810881F8810F6
:10CC70008800280010BBB600800080FC8004FC0502
:10CC80000449082A401440104028A024A0451081DF
:10CC900010020804040802D3AD00002080133C12E7
:10CCA0002402240224F2241224122412B41328127F
:10CCB000201020282047FE0000C4FA0900090011B6
:10CCC000FC32045448995011481244144411401045
:10CCD0008002005104511290120FF0B4BF00000006
:10CCE00020102013FE202026244A247A24122422F5
:10CCF0002423FC7C20002204227822003CC9AB00C3
:10CD000000000004000FF0102020207FFC20842071
:10CD100084208420843FF82000200220021FFECCC3
:10CD2000EE00000000204023FE204079FC22042376
:10CD3000FC220423FC220423FC3A0465FA01980235
:10CD400004B3E40000010001007FFE02200410048F
:10CD50000808043FFC044204400440044208421016
:10CD600042607EBED800000000207E3E80488048A1
:10CD70008048FE48827F8208820C8214FA12842244
:10CD800080218040FED0CE000000007F8422082257
:10CD90003022C0220222047FC8223022C222022274
:10CDA00004220822304040BBAD000000007FFE009E
:10CDB000000FF011101110111051125FF2511251A9
:10CDC0001251124FF240027FFCD4B2000000007FEB
:10CDD000FE47E24812481247E24FF25012501251F9
:10CDE00012511242924472580A3FFCCDBC0000001E
:10CDF000003FFE440247F24C225362408243625E8F
:10CE00001A41824062430240C240223FFCC6AC004D
:10CE10000000402040204020403FFE200020002015
:10CE2000003FE0201020102010201040104010CFB4
:10CE3000D4000000003FFC200420043FFC2004201C
:10CE4000041FF824441448144814480C5004407F2C
:10CE5000FECABE000000003FFC0000000000007F92
:10CE6000FE0080089008881088108420842082406A
:10CE7000820780B2CB0000002008207FFE00200047
:10CE8000783F881108089009207FFE018003400D3B
:10CE900030310C4002B5A500000010081004203FFE
:10CEA000F8210421043FFC210421043FF801007F04
:10CEB000FE010001000100D6D000000100010001C8
:10CEC000003FFC2104210421042104210421043F0A
:10CED000FC0100010001000100D3A20000000008D5
:10CEE000207FFE0820092001003FF82108210821A9
:10CEF000081FF4014002200C10700ECEC400000187
:10CF000000010000803F7C0810081004100420027B
:10CF10002002400180018002601C18E006D7DB007F
:10CF2000000000102011FE2202220249FC580030AD
:10CF30000013FE2528792401240D24722202A2BAAE
:10CF4000CF00000000018002400430180860061F76
:10CF5000F800001FF8200420042004200420041FEF
:10CF6000F8C1C10000010001007FFE00003FF82071
:10CF7000083FF83FF8400647C2482408200822101E
:10CF800022603EB6C80000000000803FFE44105FF3
:10CF9000FC4410441043F040005FF8440842304124
:10CFA000C04360BC1EB2E20000000067C21452051C
:10CFB000520552C55225520552055215521752229A
:10CFC0008222424442483ECAD4000000002014108D
:10CFD0001417FE00120010601013F0109010901043
:10CFE00090149214EA1F0A0006B3CC000000001946
:10CFF000FE7202120212027DFC18001BFE34205049
:10D000002053FE10201020102013FED0F20000004C
:10D010000000803FFE400047FC4208413040C05FB6
:10D02000FE404240424044404840404440B5F70042
:10D0300000000023FE122202FA0222E22212FE1255
:10D0400072128A128A128A16BA1A421202040EB98F
:10D05000E200000100010411080908091009207FFD
:10D06000FE0440044004400440084208421042606C
:10D070007CB0E60000000048FE4900490049007EFF
:10D08000FE418241447944452845284510452846BB
:10D09000440382C8A800001000100013FC7D041196
:10D0A000041904188434885048505010201050102F
:10D0B0008813041402CBF9000000003F7C204020BC
:10D0C000403E40227E2244224422443E842084204A
:10D0D00084408441044204C6C100003FF820082077
:10D0E000083FF8241022202FF8222022203FFC2283
:10D0F000204220442084200820C4BB04407FFC043C
:10D10000401FF010101FF010101FF00400FFFE1160
:10D11000103FF8D116115011200100D0FD208010D1
:10D120008010FE0100FE0021FC20243C2424A024C9
:10D13000A024BC24A024A04560553E8A00D7AA2084
:10D140002020202020FDFC4020504093FEFC401079
:10D150008011FC1C04F0885050102010101010BFDB
:10D16000AA00007FFC08200820082008200820FFD3
:10D17000FE08200820082008201020102020204031
:10D1800020D4B4000027FE1420144085FC4504453B
:10D19000FC150415FC2524E42024A829242A223087
:10D1A000A00040D2BA0080204017FE11208120420A
:10D1B0003C4244166412942348E248223022202242
:10D1C0005022880306BEA70FE0082008200FE008C1
:10D1D0002008200FE000007EFC428442847EFC4256
:10D1E0008442847EFC4284CDF800007FFC400440F1
:10D1F00004421452944A54442444244A544A5452F3
:10D20000946104400440144008D5BE102008200852
:10D21000207E20003E04204420442025FC290429AF
:10D22000040F04F104410401FC0104B0B4104010E7
:10D2300020102013FEFA02144410401BFE3088D048
:10D2400088110810D01020105050882304BCFC20F6
:10D250001020103B7C211441FE7A14A27C2710F987
:10D260007C251025FE22102A10350028FE0000D053
:10D27000A310401020102011FEFC00108831043A49
:10D28000025488508890501050102010501088136D
:10D2900006D7BC01404120212023FE022016201B7E
:10D2A000FC1220222023FCE2202220222023FE2226
:10D2B000000200B4A520202020782049FC91247D84
:10D2C00024552455247DFC552454207C285424576F
:10D2D000FE45028C00C3FE1110111017FC1110FC4A
:10D2E0000013F8120817F81A0833F8D04017FC108A
:10D2F000A0111052082406C9EE0000000000001022
:10D3000000000800080C7FFC04401001C8A00218AF
:10D310006042301832231812C30014030004030CB7
:10D32000047FF0080F80080B407813601833201832
:10D33000631818831C190308180300000300000079
:10D3400000DBDA00000000000004100C04180C04DC
:10D35000108C04108C04108C04108C04D08C3F10A2
:10D360008C04108C04108C04108C04108C04108C11
:10D3700004108C05F08C0E208C78208C20408C00C2
:10D38000808C01000C02000C000000CAD0000000DC
:10D3900000000000300000180000180800001C1FEA
:10D3A000FFE000180000182007FFF0041820041800
:10D3B0002004182004182004182004182004182021
:10D3C0000418200418200418E00418400018000075
:10D3D0001800000000D6D00000000000000000008F
:10D3E0000000000018000018000018000018003F9E
:10D3F000FFFE3018063018063018063018063018B0
:10D40000063FFFFE30180600180000180000180044
:10D41000001800001800000000000000000000CE0E
:10D42000C4000000000000000000003800001C00E4
:10D43000000600FFFFFF0600300600300300600317
:10D4400000600180C000C18000E300003600001CC5
:10D450000000770003C1E01E003C600007000000F0
:10D46000000000000000000000B2E2000000000028
:10D470000000000000000040000321FF3339833327
:10D48000118333019B33C19B33719B33199B330150
:10D490009B33019B33119B3319B333303033306CE2
:10D4A0000330C6036383032E01BE000000000000AA
:10D4B000000000CAD40000000000000000000000CE
:10D4C000004000D83000CE1800C21C00C001FFFF91
:10D4D0000000C0F800C01800C019FFC0181840189C
:10D4E00018601918601B18611E18311C1FB139F023
:10D4F0001910000F000000000000000000D7D60047
:10D5000000000000060000000300000000C0000052
:10D5100001C0C0000107C00001FF00021FFE00079C
:10D52000F01C0007C070000F00E0000E03F0001CAC
:10D530000FF0003C0F70003C00E0001800C000003D
:10D5400000C0000000C000000060000000200000DB
:10D550000037000001FF00007FF80007F830001FCF
:10D560008030000080300000C030000060600000AB
:10D5700018E000000FC0000006000000000000CC12
:10D58000E50000000000000000000000C0000000F6
:10D59000E0002001B800703FF80061FFC000C30345
:10D5A0000001C60600038C060003080C0006080CE8
:10D5B000000E18183F1E101BF31F903F0700803C01
:10D5C0001C0190707C019060FE01A0C3F801A00FC7
:10D5D000D803A00818036000180340001803C00017
:10D5E0001803800018030000180000001800000055
:10D5F00010000000300000003000000000000000BB
:10D6000000B2E20000000000000000000000000086
:10D61000000000020C1008071FF80403BFF002010D
:10D62000BC300303EC3003015C600300D8600300EE
:10D63000D860038098620361B8430771B143063133
:10D640003243063376C3063A64C7063EECC0063E54
:10D6500078C0063C3040067C70000678E060067BAF
:10D66000FFF006F7C00006E40000064000000600D8
:10D670000000060000007C00008FF000007C00002D
:10D68000000000CAD40000000000000000000000FC
:10D690000000003F0000007F8000000180000000CB
:10D6A000C0000000C0000000CE038000CFFFC0001B
:10D6B000DD41800FFE0007FFFC000C00F000180F9A
:10D6C000C03E19FF40F311BC6083307FE003B1FE20
:10D6D00020033380200370003003600010036000DB
:10D6E0001807C0000C07C0000407800002010000FA
:10D6F0000300000001000000000000000000000026
:10D70000000000000000000028D7000800000020F2
:10D7100038000000188B000860D70008380000208F
:10D7200048F90000288B00080000000000000000FD
:10D730004000000050000000010000001000000048
:10D7400002000000050000000024F4005A00000060
:10D7500000008045333383410000803F000000001B
:040000050800018965
:00000001FF
